-- phpMyAdmin SQL Dump
-- version 4.9.5
-- https://www.phpmyadmin.net/
--
-- Host: localhost:3306
-- Generation Time: Dec 15, 2021 at 08:16 PM
-- Server version: 5.6.51-cll-lve
-- PHP Version: 7.3.27

SET SQL_MODE = "NO_AUTO_VALUE_ON_ZERO";
SET AUTOCOMMIT = 0;
START TRANSACTION;
SET time_zone = "+00:00";


/*!40101 SET @OLD_CHARACTER_SET_CLIENT=@@CHARACTER_SET_CLIENT */;
/*!40101 SET @OLD_CHARACTER_SET_RESULTS=@@CHARACTER_SET_RESULTS */;
/*!40101 SET @OLD_COLLATION_CONNECTION=@@COLLATION_CONNECTION */;
/*!40101 SET NAMES utf8mb4 */;

--
-- Database: `neerajashop`
--

-- --------------------------------------------------------

--
-- Table structure for table `track_animals`
--

CREATE TABLE `track_animals` (
  `id` int(13) NOT NULL,
  `user_id` int(13) NOT NULL,
  `name` varchar(64) NOT NULL,
  `type` varchar(64) NOT NULL,
  `species` varchar(64) NOT NULL,
  `description` text NOT NULL,
  `img` varchar(256) NOT NULL,
  `date_create` datetime NOT NULL
) ENGINE=InnoDB DEFAULT CHARSET=latin1;

--
-- Dumping data for table `track_animals`
--

INSERT INTO `track_animals` (`id`, `user_id`, `name`, `type`, `species`, `description`, `img`, `date_create`) VALUES
(1, 9, 'Navir', 'blue butterfly', 'Blue Cracker', 'Ea excepteur sunt amet occaecat qui. Et ipsum officia eu labore quis commodo cillum voluptate. Magna aliqua ipsum est aliqua laborum nulla exercitation quis.', 'https://via.placeholder.com/400/919/fff/?text=Navir', '2021-04-29 10:38:18'),
(2, 8, 'Cubix', 'blue butterfly', 'Blue Cracker', 'Adipisicing culpa quis ullamco anim velit ea enim exercitation nulla ipsum labore. Excepteur ad qui esse voluptate excepteur quis ea est. Incididunt voluptate est do sit quis irure aute est ullamco est id.', 'https://via.placeholder.com/400/937/fff/?text=Cubix', '2020-12-17 06:42:50'),
(3, 9, 'Prosure', 'red butterfly', 'Great Mormon', 'Sint sint eiusmod ea nostrud dolore cillum elit et duis pariatur aute. Fugiat eiusmod cupidatat ullamco dolore enim commodo enim aliqua cupidatat in dolor pariatur. Pariatur qui amet dolor amet qui ex fugiat.', 'https://via.placeholder.com/400/906/fff/?text=Prosure', '2021-06-14 06:38:03'),
(4, 9, 'Qot', 'yellow butterfly', 'Common Birdwing', 'Pariatur culpa ad qui dolor ut elit. Ullamco mollit laboris non in culpa ullamco duis excepteur laboris labore Lorem consequat. Qui exercitation anim id eu ex aute nulla mollit id laborum cillum reprehenderit in laborum.', 'https://via.placeholder.com/400/782/fff/?text=Qot', '2020-04-16 01:04:45'),
(5, 8, 'Neeraja', 'Emperor Swallowtail', 'yellow butterfly', 'Aliquip ea qui aute anim amet ea velit cupidatat. Laborum non ad mollit consectetur ut nulla culpa do dolor Lorem. Ex in magna deserunt fugiat occaecat ullamco voluptate est excepteur consequat nulla.', 'uploads/1639025037.6839_bcd3s-S180-OrangeEmigrant.jpeg', '2020-02-26 08:02:09'),
(6, 7, 'Flum', 'blue butterfly', 'Blue Pansy', 'Nisi tempor laboris ad commodo. Sit ipsum esse enim aute id esse non sunt cillum deserunt qui non est. Et mollit anim velit aliquip officia in officia sit cupidatat aliquip duis consequat fugiat.', 'https://via.placeholder.com/400/735/fff/?text=Flum', '2020-03-09 01:47:14'),
(7, 4, 'Pasturia', 'Orange Emigrant', 'yellow butterfly', 'Non in eiusmod eiusmod Lorem minim eu eu est ut minim nulla reprehenderit minim. Sit ipsum ut occaecat est veniam tempor aliqua. Sit irure consectetur sint do nostrud in nostrud ex laborum.', 'uploads/1639078183.0704_bcd3s-S180-OrangeEmigrant.jpeg', '2021-09-13 03:21:39'),
(8, 2, 'Bittor', 'Common Birdwing', 'yellow butterfly', 'Consequat excepteur excepteur deserunt incididunt irure in qui ea aute. Officia irure aliquip consectetur aliquip amet nulla consequat aliquip dolor aliqua. Minim proident esse tempor qui ad quis exercitation do esse magna incididunt magna.', 'uploads/1639079213.4738_bcd3s-S180-OrangeEmigrant.jpeg', '2020-10-17 08:39:51'),
(9, 5, 'Pyramis', 'Yellow', 'Common Birdwing', 'Sit mollit officia officia Lorem tempor magna cillum. Ea laboris nisi aliqua incididunt sint do nostrud voluptate commodo magna incididunt. Aliquip officia irure consectetur veniam commodo incididunt eiusmod in mollit.', 'https://via.placeholder.com/400/937/fff/?text=Pyramis', '2020-05-24 06:17:51'),
(10, 9, 'Sportan', 'red butterfly', 'Atlas Moth', 'Nisi ullamco veniam non qui et. Cupidatat fugiat nostrud aliquip non duis commodo pariatur laboris laboris aute ullamco est ea. Consequat ea consectetur dolore magna voluptate nostrud sunt incididunt.', 'https://via.placeholder.com/400/804/fff/?text=Sportan', '2020-10-23 02:11:45'),
(11, 4, 'Yurture', 'blue butterfly', 'Giant Blue Morpho', 'Lorem in pariatur ad et amet eiusmod Lorem et culpa. Lorem velit mollit ea velit consectetur ex non ex aute excepteur tempor commodo fugiat duis. Officia pariatur elit exercitation veniam aliquip quis officia est proident minim consectetur esse deserunt est.', 'https://via.placeholder.com/400/716/fff/?text=Yurture', '2021-04-25 09:14:03'),
(12, 9, 'Ramjob', 'red butterfly', 'Atlas Moth', 'Nostrud ad nulla non eiusmod incididunt dolor magna proident duis anim culpa. Adipisicing aute amet incididunt sint do exercitation sint dolor ipsum sunt esse exercitation do. Amet aute duis sit eu tempor in.', 'https://via.placeholder.com/400/830/fff/?text=Ramjob', '2020-09-21 05:24:36'),
(13, 3, 'Techmania', 'red butterfly', 'Bat Wing', 'Ut tempor velit nostrud irure reprehenderit nulla et cillum duis. Veniam commodo esse eu eiusmod duis fugiat exercitation ad. Culpa elit duis quis amet id sint excepteur ea ullamco.', 'https://via.placeholder.com/400/903/fff/?text=Techmania', '2021-03-05 05:17:22'),
(14, 4, 'Idetica', 'blue butterfly', 'Blue Pansy', 'Cupidatat ut anim ipsum amet dolore dolore adipisicing nisi sint aliqua. Veniam aliqua deserunt ex dolore irure anim irure. Minim irure anim sit culpa anim dolore mollit.', 'https://via.placeholder.com/400/707/fff/?text=Idetica', '2020-03-22 02:24:22'),
(15, 5, 'Zillactic', 'yellow butterfly', 'Common Birdwing', 'Magna aliqua irure dolor exercitation officia mollit. Enim laboris nulla mollit commodo excepteur nostrud et incididunt amet eiusmod officia ex sint velit. Incididunt ut sit nostrud sint irure.', 'https://via.placeholder.com/400/834/fff/?text=Zillactic', '2020-05-25 06:45:25'),
(16, 7, 'Proxsoft', 'yellow butterfly', 'Orange Emigrant', 'Ipsum occaecat mollit eu reprehenderit eiusmod consequat eu culpa ullamco nisi. Dolor non nulla ea duis duis ut ullamco ullamco. Tempor sunt mollit incididunt adipisicing culpa fugiat aliqua eiusmod ea exercitation.', 'https://via.placeholder.com/400/727/fff/?text=Proxsoft', '2020-01-23 11:36:30'),
(17, 5, 'Rodeology', 'blue butterfly', 'Blue Pansy', 'Minim id qui aliquip elit minim ut. Proident minim ad pariatur veniam exercitation labore sit. Nisi fugiat do consequat aute mollit nulla dolore consectetur.', 'https://via.placeholder.com/400/720/fff/?text=Rodeology', '2021-03-16 02:17:49'),
(18, 3, 'Kegular', 'yellow butterfly', 'Emperor Swallowtail', 'Do occaecat duis minim ad aliqua est tempor elit anim amet minim commodo. Ad nostrud ullamco non qui minim est irure nostrud. Proident officia cupidatat voluptate consequat minim.', 'https://via.placeholder.com/400/983/fff/?text=Kegular', '2021-05-19 04:46:35'),
(19, 3, 'Hinway', 'red butterfly', 'Atlas Moth', 'Anim nostrud eiusmod pariatur proident excepteur reprehenderit enim occaecat dolore nisi nostrud aliquip. Amet ullamco sint cupidatat reprehenderit qui. Amet labore fugiat officia id esse sint.', 'https://via.placeholder.com/400/708/fff/?text=Hinway', '2020-01-27 09:06:00'),
(20, 4, 'Imant', 'red butterfly', 'Atlas Moth', 'Nulla esse cillum occaecat in excepteur ea laboris aliquip excepteur exercitation duis consectetur ullamco anim. Fugiat consectetur ut ut est ea sit excepteur est aute qui. Et eu non nulla velit sunt sint quis magna.', 'https://via.placeholder.com/400/887/fff/?text=Imant', '2020-03-14 05:20:33'),
(21, 5, 'Extragen', 'yellow butterfly', 'Orange Emigrant', 'Amet enim ex elit sit commodo sunt quis est excepteur occaecat nulla. Amet labore veniam mollit quis sunt magna ad irure eu magna. Officia non quis incididunt quis aute.', 'https://via.placeholder.com/400/930/fff/?text=Extragen', '2021-02-16 03:55:51'),
(22, 8, 'Earwax', 'red butterfly', 'Neeraja', 'Mollit ut labore officia commodo eiusmod irure id enim et culpa laboris. Amet ea deserunt tempor voluptate velit exercitation proident mollit deserunt adipisicing reprehenderit. Deserunt velit aute non occaecat deserunt sit laboris nulla.', 'https://via.placeholder.com/400/922/fff/?text=Earwax', '2021-10-10 05:24:20'),
(23, 8, 'Conferia', 'red butterfly', 'Great Mormon', 'Aliqua et ea laboris velit proident aliquip. Voluptate commodo ex irure occaecat magna est cillum. Mollit quis ipsum laborum nostrud.', 'https://via.placeholder.com/400/895/fff/?text=Conferia', '2021-05-27 01:32:24'),
(24, 10, 'Andershun', 'blue butterfly', 'Blue Cracker', 'Duis consequat ad eu cillum officia labore proident do dolore ad consectetur. Do velit est ad consectetur id id exercitation labore dolor sunt excepteur aute qui adipisicing. Commodo cillum id pariatur esse reprehenderit nisi sit aliqua voluptate commodo.', 'https://via.placeholder.com/400/967/fff/?text=Andershun', '2020-02-07 10:59:32'),
(25, 8, 'Aquasure', 'red butterfly', 'Great Mormon', 'Tempor elit voluptate fugiat reprehenderit est nostrud anim ullamco minim adipisicing do labore nostrud. Ullamco excepteur eiusmod in dolor occaecat aliqua. Ipsum incididunt dolor ea cillum.', 'https://via.placeholder.com/400/768/fff/?text=Aquasure', '2021-04-07 10:21:16'),
(26, 2, 'Flexigen', 'blue butterfly', 'Giant Blue Morpho', 'Nisi sit esse veniam qui exercitation ad Lorem ipsum amet eu nisi amet anim. Aliqua nisi dolore incididunt consectetur aliquip. Officia do deserunt elit Lorem esse velit aliquip dolor et do laborum.', 'https://via.placeholder.com/400/872/fff/?text=Flexigen', '2020-03-26 12:55:00'),
(27, 3, 'Suretech', 'red butterfly', 'Bat Wing', 'Pariatur Lorem commodo amet velit deserunt veniam. Occaecat magna sunt aliquip culpa consectetur enim proident dolore voluptate tempor. Deserunt do occaecat ea ex duis dolore culpa.', 'https://via.placeholder.com/400/807/fff/?text=Suretech', '2021-03-31 08:52:19'),
(28, 10, 'Buzzmaker', 'blue butterfly', 'Blue Cracker', 'Cupidatat do nostrud aute culpa cupidatat deserunt velit sunt tempor minim. Do qui duis sint id proident cupidatat est deserunt id dolor est fugiat est. Id deserunt elit eu sit exercitation deserunt officia sunt.', 'https://via.placeholder.com/400/792/fff/?text=Buzzmaker', '2020-12-17 04:53:10'),
(29, 7, 'Uni', 'red butterfly', 'Great Mormon', 'Voluptate magna sit consequat mollit sit mollit elit voluptate reprehenderit et laboris ut. Laboris nostrud qui magna dolore sint non. Velit eiusmod do occaecat incididunt cillum qui nulla dolore do dolor.', 'https://via.placeholder.com/400/858/fff/?text=Uni', '2020-01-23 01:45:22'),
(30, 4, 'Lyria', 'blue butterfly', 'Blue Pansy', 'Culpa culpa nulla in consectetur deserunt do. Ad aliqua voluptate exercitation et commodo eu cupidatat occaecat cupidatat veniam consequat. Aliquip laborum mollit ad Lorem esse fugiat consectetur eiusmod consectetur cupidatat.', 'https://via.placeholder.com/400/822/fff/?text=Lyria', '2020-04-12 05:32:30'),
(31, 8, 'Orbin', 'red butterfly', 'Bat Wing', 'Qui aute voluptate irure deserunt dolore adipisicing mollit. Voluptate eiusmod tempor nisi qui reprehenderit mollit amet dolor amet esse. Eu et reprehenderit esse exercitation nisi id elit sit qui ipsum mollit do fugiat.', 'https://via.placeholder.com/400/872/fff/?text=Orbin', '2020-11-01 03:50:37'),
(32, 6, 'Zytrac', 'red butterfly', 'Great Mormon', 'Nostrud eiusmod anim esse incididunt cupidatat quis veniam ut non. Aliqua amet aliqua eiusmod consequat eu eiusmod magna ad voluptate do exercitation exercitation ex. Amet qui qui elit ullamco amet non ea ex.', 'https://via.placeholder.com/400/717/fff/?text=Zytrac', '2021-05-27 11:52:53'),
(33, 9, 'Mobildata', 'yellow butterfly', 'Common Birdwing', 'Ut nulla laboris duis laboris. In nulla in eu tempor aute commodo tempor voluptate. Amet dolor voluptate non ut quis velit aliquip nostrud aliqua non mollit duis tempor nisi.', 'https://via.placeholder.com/400/717/fff/?text=Mobildata', '2020-09-12 03:30:37'),
(34, 6, 'Proflex', 'yellow butterfly', 'Common Birdwing', 'Est irure consequat dolore minim sit consequat eiusmod nostrud. Eiusmod in adipisicing duis aliquip laboris laborum laborum exercitation aliquip ad minim cupidatat duis. Laborum labore do aliquip ea ipsum excepteur proident officia ut sint enim ea.', 'https://via.placeholder.com/400/738/fff/?text=Proflex', '2021-08-28 06:59:58'),
(35, 6, 'Speedbolt', 'yellow butterfly', 'Orange Emigrant', 'Cupidatat ea deserunt qui aliquip reprehenderit sit quis amet. Aliquip Lorem reprehenderit sunt culpa veniam nostrud nisi ipsum ut velit in incididunt nostrud. Non ullamco reprehenderit ad culpa in.', 'https://via.placeholder.com/400/766/fff/?text=Speedbolt', '2021-06-12 06:07:01'),
(36, 7, 'Krag', 'blue butterfly', 'Blue Pansy', 'Nostrud aute deserunt adipisicing nulla minim dolor sit cillum occaecat reprehenderit commodo amet qui Lorem. Quis enim enim pariatur adipisicing cupidatat nulla veniam aliquip tempor. Excepteur cupidatat cupidatat occaecat anim do cupidatat.', 'https://via.placeholder.com/400/862/fff/?text=Krag', '2021-05-09 02:18:41'),
(37, 1, 'Neurocell', 'blue butterfly', 'Blue Pansy', 'Quis sint laboris deserunt ut voluptate esse proident tempor qui duis aute cupidatat ipsum. Pariatur voluptate tempor eu dolor irure. Minim mollit labore sunt voluptate.', 'https://via.placeholder.com/400/747/fff/?text=Neurocell', '2020-11-16 04:03:49'),
(38, 3, 'Pawnagra', 'yellow butterfly', 'Common Birdwing', 'Velit dolor in do enim anim sint consectetur voluptate. Esse irure laborum elit elit Lorem irure id fugiat. Velit pariatur officia ad tempor anim proident.', 'https://via.placeholder.com/400/920/fff/?text=Pawnagra', '2021-02-28 07:08:38'),
(39, 2, 'Telequiet', 'blue butterfly', 'Blue Cracker', 'Pariatur veniam do aliqua officia nostrud. Eiusmod consectetur ad elit reprehenderit laboris adipisicing in exercitation voluptate enim. Laborum reprehenderit nisi ipsum sit pariatur eu ipsum ad consectetur reprehenderit aliquip.', 'https://via.placeholder.com/400/716/fff/?text=Telequiet', '2020-05-06 07:55:10'),
(40, 8, 'Gleamink', 'yellow butterfly', 'Emperor Swallowtail', 'Esse consectetur excepteur anim nisi excepteur ex eu voluptate veniam reprehenderit esse dolor sit. Qui tempor duis dolore veniam commodo voluptate proident in sint esse. Dolore voluptate aute tempor officia cupidatat veniam nisi reprehenderit.', 'https://via.placeholder.com/400/868/fff/?text=Gleamink', '2021-08-07 03:54:32'),
(41, 10, 'Elita', 'yellow butterfly', 'Orange Emigrant', 'Elit id exercitation incididunt excepteur. Ut est id aliquip est aliquip dolore tempor non deserunt anim reprehenderit. Culpa duis veniam velit non officia nostrud laboris qui officia consequat.', 'https://via.placeholder.com/400/795/fff/?text=Elita', '2020-07-05 08:42:44'),
(42, 4, 'Biolive', 'red butterfly', 'Bat Wing', 'Nisi proident aute sint mollit velit amet laboris. Ad incididunt culpa irure in eiusmod cupidatat non culpa anim pariatur qui. Non eiusmod est elit dolore incididunt velit officia aliqua deserunt.', 'https://via.placeholder.com/400/709/fff/?text=Biolive', '2021-10-29 04:42:37'),
(43, 4, 'Gonkle', 'yellow butterfly', 'Emperor Swallowtail', 'Dolore laborum aliquip irure labore pariatur occaecat duis do enim nostrud. Cillum laboris ad ea ex mollit sunt nostrud dolore. Est nisi proident ut dolore aute ut ea esse sunt aute in pariatur.', 'https://via.placeholder.com/400/731/fff/?text=Gonkle', '2021-08-20 12:38:35'),
(44, 3, 'Caxt', 'red butterfly', 'Bat Wing', 'Laborum ad est magna id nulla commodo sunt cupidatat quis nostrud eu in duis. Tempor cillum amet in labore occaecat anim ex ea esse officia esse. Nisi ea excepteur quis mollit nulla deserunt.', 'https://via.placeholder.com/400/764/fff/?text=Caxt', '2020-10-20 08:31:53'),
(45, 3, 'Qiao', 'blue butterfly', 'Blue Pansy', 'Irure velit ipsum ea laboris pariatur. Proident deserunt elit ea est tempor in id exercitation magna Lorem Lorem. Exercitation aute sint aliqua dolor excepteur aute qui consequat duis.', 'https://via.placeholder.com/400/973/fff/?text=Qiao', '2020-03-22 06:55:23'),
(46, 3, 'Nspire', 'red butterfly', 'Atlas Moth', 'Consequat id mollit veniam laboris velit id eu officia sint. Irure ut consequat laborum tempor officia quis cupidatat. Fugiat do aliquip est est dolore esse commodo ad amet elit.', 'https://via.placeholder.com/400/990/fff/?text=Nspire', '2020-02-02 10:02:46'),
(47, 10, 'Luxuria', 'red butterfly', 'Bat Wing', 'Aliqua in voluptate incididunt aliquip incididunt officia labore proident Lorem do voluptate. Velit culpa velit officia eiusmod. Adipisicing deserunt sit deserunt tempor sint reprehenderit.', 'https://via.placeholder.com/400/755/fff/?text=Luxuria', '2020-04-26 11:20:56'),
(48, 6, 'Eclipsent', 'red butterfly', 'Atlas Moth', 'Cillum deserunt ullamco ea ea nostrud et. Labore excepteur magna laborum anim enim magna eiusmod mollit nostrud anim Lorem elit aute. Irure eiusmod nisi eu enim exercitation excepteur nostrud proident ea incididunt minim consectetur qui.', 'https://via.placeholder.com/400/740/fff/?text=Eclipsent', '2021-06-16 08:55:09'),
(49, 7, 'Quizka', 'red butterfly', 'Bat Wing', 'Proident deserunt sunt voluptate veniam proident dolor qui elit est consequat duis nisi. Est in nostrud consequat adipisicing fugiat fugiat. Aliquip ullamco ex proident sunt sunt ex aute nostrud velit consectetur tempor reprehenderit ad.', 'https://via.placeholder.com/400/856/fff/?text=Quizka', '2020-08-01 03:19:32'),
(50, 2, 'Velity', 'yellow butterfly', 'Common Birdwing', 'Nisi anim Lorem cillum nostrud anim elit exercitation id ad mollit irure aliqua. Veniam non nostrud voluptate mollit duis incididunt irure sint id pariatur officia adipisicing. Irure nisi elit nisi cupidatat mollit consequat labore voluptate aliquip do labore ut aliquip et.', 'https://via.placeholder.com/400/741/fff/?text=Velity', '2021-03-03 11:26:01'),
(61, 12, 'Indigo', 'Blue', 'Blue Cracker', 'Found this beautiful blue cracker on the north first street on 14 December 2021. Research has shown that cracker butterflies can detect the sounds made by other butterflies, which would be a form of social communication-SO COOL!', 'uploads/1639525115.2621_bluecracker.jpeg', '2021-12-14 16:18:02'),
(62, 12, 'Aquaria', 'Blue', 'Giant Blue Morpho', 'The blue Morpho is among the largest butterflies in the world, with wings spanning from five to eight inches. Their vivid, iridescent blue colouring is a result of the microscopic scales on the backs of their wings, which reflect light. The underside of the Morpho’s wings, on the other hand, is a dull brown colour with many eyespots, providing camouflage against predators such as birds and insects when its wings are closed. ', 'uploads/1639525078.207_butterfly-1.jpg', '2021-12-14 16:24:31'),
(63, 12, 'Prosure', 'Red', 'Great Mormon', 'Looking at its tail and yellow colour on sides of its abdomen, I think this one\'s a female great mormon. These are pretty common in my area and today I say a bunch of them fluttering their way across the woods. Always a sight!', 'uploads/1639529368.7815_2975007546_97486c91b9_b.jpeg', '2021-12-14 16:47:05'),
(64, 12, 'Plasmosis', 'Yellow', 'Emperor swallowtail', 'Found this little one during my trip to New York in our backyard. It is one of the most familiar butterflies in the eastern United States,where it is common in many different habitats and travels as far North as Winnipeg Manitoba, Canada. Sooooo pretty!', 'uploads/1639529888.6144_Nectoring.jpeg', '2021-11-24 16:52:38'),
(65, 12, 'Junonia', 'Blue', 'Blue Pansy', 'The adult blue Pansys have an interesting behaviour. They occur in open areas, often sitting on bare ground. It has a stiff flap and glide style of flight and maintains a territory, driving away other butterflies that enter it.This little guy had bright yellow spots on both the wings that looked like eyes!', 'uploads/1639531774.6201_large.jpeg', '2021-08-12 17:09:40'),
(66, 12, 'Elita', 'Yellow', 'Orange Emigrant', 'Elita here was 2.5 inches long and I\'ve never seen a prettier yellow than this! This was a male emigrant with white forewings edged in black, and cadmium-yellow hindwings, with black spots on the margins.', 'uploads/1639531789.548_OE_adult_Federick_Ho_01.jpeg', '2021-12-02 11:25:23');

-- --------------------------------------------------------

--
-- Table structure for table `track_locations`
--

CREATE TABLE `track_locations` (
  `id` int(13) NOT NULL,
  `animal_id` int(13) NOT NULL,
  `lat` decimal(8,6) NOT NULL,
  `lng` decimal(9,6) NOT NULL,
  `description` text NOT NULL,
  `photo` varchar(256) NOT NULL,
  `icon` varchar(256) DEFAULT NULL,
  `color` varchar(64) NOT NULL,
  `date_create` datetime NOT NULL
) ENGINE=InnoDB DEFAULT CHARSET=latin1;

--
-- Dumping data for table `track_locations`
--

INSERT INTO `track_locations` (`id`, `animal_id`, `lat`, `lng`, `description`, `photo`, `icon`, `color`, `date_create`) VALUES
(1, 10, 37.294897, -121.498706, 'Sunt excepteur ut elit esse non ullamco exercitation laborum pariatur ut culpa non duis. Proident aliquip consectetur dolor consequat magna incididunt nostrud eiusmod commodo nulla ullamco ut sit. Culpa reprehenderit mollit irure anim amet magna qui culpa et aliqua.', 'https://via.placeholder.com/400/', 'https://via.placeholder.com/400/?text=ICON', 'red', '2020-12-29 06:54:49'),
(2, 24, 37.346680, -121.617919, 'Anim ad quis irure et. Magna quis nostrud dolore occaecat do consequat ut consectetur deserunt minim enim officia. Enim Lorem nisi est excepteur proident reprehenderit ullamco reprehenderit consequat fugiat incididunt deserunt cupidatat dolor.', 'https://via.placeholder.com/400/', 'https://via.placeholder.com/400/?text=ICON', 'yellow', '2020-07-04 01:32:14'),
(3, 9, 37.396148, -121.571426, 'Incididunt reprehenderit et esse ullamco adipisicing magna commodo incididunt esse nisi adipisicing irure. Quis excepteur sunt dolor id consectetur culpa in laborum. Adipisicing tempor labore ea sit ea sit dolor reprehenderit qui eu enim ut quis laborum.', 'https://via.placeholder.com/400/', 'https://via.placeholder.com/400/?text=ICON', 'red', '2020-06-27 05:13:10'),
(4, 5, 37.392189, -121.794057, 'Sit nulla in minim mollit. Quis et sint do voluptate veniam consectetur non commodo culpa elit duis. Laboris nulla non sit nulla in eu voluptate enim culpa ipsum eiusmod nisi.', 'https://via.placeholder.com/400/', 'https://via.placeholder.com/400/?text=ICON', 'yellow', '2021-09-21 12:14:30'),
(5, 8, 37.441244, -121.685449, 'Sint nostrud velit deserunt velit velit deserunt est do pariatur laborum aute occaecat et laborum. Culpa laboris deserunt pariatur exercitation in ut est sit in. Est pariatur dolore fugiat non sint ipsum occaecat deserunt pariatur nisi nostrud ipsum in.', 'https://via.placeholder.com/400/', 'https://via.placeholder.com/400/?text=ICON', 'blue', '2020-07-02 01:22:47'),
(6, 19, 37.352403, -121.730588, 'Ex laboris aliqua nulla Lorem mollit voluptate magna laborum do labore ex irure exercitation. Commodo proident occaecat exercitation velit amet exercitation exercitation ex elit voluptate qui quis exercitation proident. Enim id ea nisi sunt culpa ad.', 'https://via.placeholder.com/400/', 'https://via.placeholder.com/400/?text=ICON', 'yellow', '2020-02-07 09:58:08'),
(7, 4, 37.319632, -121.752924, 'Consequat cillum ex laboris dolor laboris eu Lorem excepteur duis Lorem incididunt. Exercitation consectetur eiusmod adipisicing nisi qui veniam. Cillum dolor amet anim minim aliqua anim eu et cillum.', 'https://via.placeholder.com/400/', 'https://via.placeholder.com/400/?text=ICON', 'red', '2020-11-10 12:04:46'),
(8, 1, 37.408509, -121.468392, 'Irure eiusmod fugiat amet ex reprehenderit. Do occaecat minim est sit voluptate pariatur irure consectetur aliqua deserunt. Mollit excepteur non dolore excepteur irure laboris.', 'https://via.placeholder.com/400/', 'https://via.placeholder.com/400/?text=ICON', 'yellow', '2021-09-02 11:35:15'),
(9, 47, 37.402005, -121.548772, 'Mollit ex eiusmod adipisicing officia elit occaecat laborum nulla do deserunt do ullamco do velit. Excepteur consequat incididunt mollit cupidatat minim et cupidatat dolor sunt incididunt enim proident. Aliquip ipsum commodo qui exercitation ut nostrud qui enim fugiat reprehenderit consectetur proident eu.', 'https://via.placeholder.com/400/', 'https://via.placeholder.com/400/?text=ICON', 'red', '2021-03-12 04:01:20'),
(10, 44, 37.396978, -121.599718, 'Incididunt in enim officia do occaecat officia eiusmod occaecat elit fugiat. Sunt excepteur incididunt Lorem fugiat. Reprehenderit ad exercitation proident occaecat minim magna.', 'https://via.placeholder.com/400/', 'https://via.placeholder.com/400/?text=ICON', 'red', '2020-10-17 04:57:38'),
(11, 35, 37.395689, -121.611731, 'Nostrud ipsum culpa laboris incididunt aliquip magna ad do voluptate amet nostrud laboris. Amet sit nisi sunt reprehenderit dolore exercitation duis cupidatat officia non. Irure ad anim ipsum deserunt sunt velit aliqua velit do laborum.', 'https://via.placeholder.com/400/', 'https://via.placeholder.com/400/?text=ICON', 'yellow', '2021-02-20 04:27:42'),
(12, 24, 37.340357, -121.642598, 'Cupidatat officia occaecat fugiat ex ullamco. Duis sit et excepteur culpa ut nulla proident aliqua. Duis est laborum voluptate amet ad laborum nulla.', 'https://via.placeholder.com/400/', 'https://via.placeholder.com/400/?text=ICON', 'blue', '2021-11-30 06:04:36'),
(13, 12, 37.330160, -121.589738, 'Ullamco tempor nisi aute sint adipisicing non amet voluptate sit enim nulla irure enim culpa. Ullamco tempor culpa do dolore ea. Dolore culpa sit cupidatat consectetur eu eiusmod ea ullamco.', 'https://via.placeholder.com/400/', 'https://via.placeholder.com/400/?text=ICON', 'red', '2021-05-31 09:50:43'),
(14, 4, 37.336877, -121.638912, 'Irure esse quis laboris commodo. Commodo velit eu laboris laborum veniam anim reprehenderit eiusmod ea do voluptate labore incididunt do. Consectetur incididunt eiusmod occaecat voluptate culpa.', 'https://via.placeholder.com/400/', 'https://via.placeholder.com/400/?text=ICON', 'yellow', '2020-06-19 11:36:47'),
(15, 18, 37.390952, -121.820747, 'Aliquip qui exercitation reprehenderit incididunt Lorem. Mollit anim tempor ut dolore aliqua irure consectetur et incididunt tempor dolore. Duis eu quis veniam occaecat ad ex qui dolor nostrud anim.', 'https://via.placeholder.com/400/', 'https://via.placeholder.com/400/?text=ICON', 'yellow', '2021-07-30 09:12:02'),
(16, 13, 37.428643, -121.764786, 'Et irure fugiat reprehenderit in laborum laboris eiusmod ipsum. Irure aute ex nostrud anim sunt consectetur tempor ut commodo ad velit labore in. Nisi duis ullamco culpa dolore voluptate.', 'https://via.placeholder.com/400/', 'https://via.placeholder.com/400/?text=ICON', 'yellow', '2020-06-02 08:06:06'),
(17, 44, 37.268780, -121.492149, 'Aliquip non ea sit labore officia eiusmod laboris id esse. Tempor ullamco officia deserunt dolor. Esse cupidatat irure nisi commodo elit officia aute minim.', 'https://via.placeholder.com/400/', 'https://via.placeholder.com/400/?text=ICON', 'blue', '2021-08-22 03:15:29'),
(18, 35, 37.349578, -121.607901, 'Esse excepteur reprehenderit elit irure sint ullamco excepteur non Lorem veniam minim et enim. Occaecat consectetur Lorem voluptate est nostrud officia veniam qui labore occaecat. Adipisicing cillum do veniam laboris voluptate pariatur voluptate nostrud dolore cupidatat excepteur nulla tempor.', 'https://via.placeholder.com/400/', 'https://via.placeholder.com/400/?text=ICON', 'yellow', '2021-09-13 11:23:08'),
(19, 50, 37.338959, -121.535072, 'Et aliqua et quis nulla duis cillum id nostrud fugiat reprehenderit non ex Lorem officia. Tempor nostrud cupidatat ullamco nulla eu. Mollit veniam cillum irure Lorem.', 'https://via.placeholder.com/400/', 'https://via.placeholder.com/400/?text=ICON', 'red', '2021-06-04 11:14:49'),
(20, 31, 37.362385, -121.759345, 'Duis sit sunt exercitation est dolor enim velit. Laboris laborum non magna magna Lorem commodo. Elit veniam minim id id mollit sit irure esse qui veniam mollit esse sunt et.', 'https://via.placeholder.com/400/', 'https://via.placeholder.com/400/?text=ICON', 'yellow', '2021-10-19 03:09:10'),
(21, 5, 37.289842, -121.705378, 'Eu esse proident mollit ullamco ex mollit aute Lorem aute ullamco quis voluptate ut. Non consequat mollit esse incididunt pariatur mollit nostrud cillum velit qui veniam do quis. Dolore est cillum irure laboris proident quis nisi minim id eu officia nostrud sunt ad.', 'https://via.placeholder.com/400/', 'https://via.placeholder.com/400/?text=ICON', 'yellow', '2020-04-12 11:41:02'),
(22, 42, 37.289595, -121.676575, 'Duis sint incididunt aliqua minim labore fugiat do ad officia et do excepteur id. Deserunt nulla consequat sint ut commodo nisi dolore veniam incididunt consectetur elit sit irure. Non exercitation ea mollit exercitation eiusmod.', 'https://via.placeholder.com/400/', 'https://via.placeholder.com/400/?text=ICON', 'red', '2021-11-11 02:26:57'),
(23, 15, 37.466617, -121.511017, 'Aute enim id exercitation aliqua sint. Anim veniam cupidatat magna elit ut proident elit nulla do non commodo ipsum ut. Deserunt id deserunt ullamco nostrud in amet eu commodo officia adipisicing exercitation consectetur Lorem.', 'https://via.placeholder.com/400/', 'https://via.placeholder.com/400/?text=ICON', 'red', '2020-07-26 08:41:48'),
(24, 7, 37.282441, -121.666056, 'Eu ipsum reprehenderit tempor laborum id veniam elit nulla dolore culpa cillum aliqua dolor. Excepteur tempor Lorem amet aliquip dolor aute pariatur nisi Lorem voluptate. Officia duis reprehenderit et nisi id cillum.', 'https://via.placeholder.com/400/', 'https://via.placeholder.com/400/?text=ICON', 'red', '2021-04-30 09:18:37'),
(25, 48, 37.344145, -121.646002, 'Lorem deserunt dolore ut reprehenderit ex. Aliqua deserunt et nostrud labore adipisicing non esse reprehenderit anim Lorem. Nulla ut quis voluptate quis minim minim ea nisi fugiat amet consequat.', 'https://via.placeholder.com/400/', 'https://via.placeholder.com/400/?text=ICON', 'blue', '2020-05-16 07:01:55'),
(26, 38, 37.295732, -121.663111, 'Incididunt cupidatat quis est magna. Cillum irure nostrud labore dolor. Ad culpa labore labore id cillum aliquip non.', 'https://via.placeholder.com/400/', 'https://via.placeholder.com/400/?text=ICON', 'blue', '2021-11-12 05:53:19'),
(27, 26, 37.331729, -121.826550, 'Nisi nostrud exercitation aliquip et fugiat dolor reprehenderit pariatur. Occaecat pariatur anim aliquip amet ea sint enim eu ullamco ad consectetur magna. Anim sint tempor elit ea reprehenderit fugiat ullamco minim in irure occaecat.', 'https://via.placeholder.com/400/', 'https://via.placeholder.com/400/?text=ICON', 'yellow', '2020-07-26 01:10:50'),
(28, 38, 37.302898, -121.539309, 'Aliquip consequat velit fugiat mollit culpa reprehenderit ea. Commodo velit duis ad ipsum anim aute est aliqua aute. Do irure mollit officia aliqua nostrud anim eu consequat aliquip.', 'https://via.placeholder.com/400/', 'https://via.placeholder.com/400/?text=ICON', 'blue', '2020-10-16 12:31:46'),
(29, 7, 37.385591, -121.575003, 'Tempor magna laborum ipsum occaecat elit cupidatat magna fugiat proident ad. Lorem aliquip eu consequat sit sint sit ut mollit duis cupidatat ex magna. Nulla dolore consectetur nulla exercitation adipisicing.', 'https://via.placeholder.com/400/', 'https://via.placeholder.com/400/?text=ICON', 'blue', '2021-07-10 12:05:38'),
(30, 2, 37.368532, -121.748381, 'Incididunt anim aliqua laborum dolore et cillum id sunt dolor reprehenderit. Qui excepteur do enim Lorem id laboris ipsum eiusmod reprehenderit. Officia eiusmod qui ut eu in.', 'https://via.placeholder.com/400/', 'https://via.placeholder.com/400/?text=ICON', 'red', '2021-06-03 04:31:20'),
(31, 20, 37.384640, -121.659234, 'Veniam consectetur sint anim ea. Irure velit incididunt non in commodo non Lorem. Lorem enim pariatur ut consequat sint quis et qui ullamco officia tempor proident.', 'https://via.placeholder.com/400/', 'https://via.placeholder.com/400/?text=ICON', 'yellow', '2021-04-10 05:18:12'),
(32, 42, 37.414581, -121.774446, 'Cillum minim mollit amet incididunt ut incididunt do exercitation magna proident. Fugiat occaecat consequat est fugiat elit officia aliquip velit officia commodo. Nulla reprehenderit laboris laborum duis est minim occaecat adipisicing mollit voluptate ex.', 'https://via.placeholder.com/400/', 'https://via.placeholder.com/400/?text=ICON', 'blue', '2020-08-20 05:07:34'),
(33, 26, 37.461805, -121.643806, 'Exercitation ullamco tempor labore dolore. Deserunt qui non nostrud eu. Aliqua magna dolor dolore laborum proident nulla.', 'https://via.placeholder.com/400/', 'https://via.placeholder.com/400/?text=ICON', 'yellow', '2020-08-09 08:37:00'),
(34, 48, 37.272428, -121.649380, 'Ea ullamco aliquip pariatur labore dolor ut do deserunt qui reprehenderit voluptate nisi. Irure qui et ullamco deserunt mollit. Cillum irure mollit consequat aute dolore amet tempor sunt.', 'https://via.placeholder.com/400/', 'https://via.placeholder.com/400/?text=ICON', 'yellow', '2021-04-06 09:39:45'),
(35, 34, 37.427456, -121.738332, 'Do nulla laborum culpa nulla cillum cupidatat amet voluptate minim laborum est. Aute consequat ut sit esse qui culpa. Ad ullamco quis et id anim.', 'https://via.placeholder.com/400/', 'https://via.placeholder.com/400/?text=ICON', 'red', '2021-10-24 11:01:00'),
(36, 15, 37.463514, -121.488061, 'Ut sit dolor et ut aute et id fugiat voluptate sunt et minim. Esse reprehenderit commodo mollit mollit laborum proident officia cupidatat id elit occaecat. Et duis labore incididunt velit aute voluptate voluptate nulla duis ut consectetur labore minim duis.', 'https://via.placeholder.com/400/', 'https://via.placeholder.com/400/?text=ICON', 'red', '2020-05-14 05:33:48'),
(37, 46, 37.326455, -121.590557, 'Minim nostrud quis aliquip amet commodo laboris duis minim sunt ipsum aliquip quis voluptate id. Fugiat labore dolore sit adipisicing sint excepteur. Elit voluptate mollit amet sint ea.', 'https://via.placeholder.com/400/', 'https://via.placeholder.com/400/?text=ICON', 'red', '2020-09-16 01:15:35'),
(38, 32, 37.420079, -121.472547, 'Nostrud ullamco sunt ea nostrud in nostrud qui. Proident mollit irure labore labore. Adipisicing aliqua reprehenderit et cillum elit.', 'https://via.placeholder.com/400/', 'https://via.placeholder.com/400/?text=ICON', 'yellow', '2020-06-07 04:35:07'),
(39, 12, 37.380778, -121.589387, 'Minim eiusmod in Lorem ullamco est adipisicing minim et. Est enim cillum aliqua elit nulla cupidatat magna adipisicing voluptate id. Ad est ad esse aliqua.', 'https://via.placeholder.com/400/', 'https://via.placeholder.com/400/?text=ICON', 'blue', '2020-10-24 06:34:57'),
(40, 35, 37.392399, -121.546807, 'Voluptate do enim fugiat est ex eiusmod id do. In dolor cupidatat exercitation in excepteur cupidatat dolor in et cillum qui Lorem sint. Mollit ipsum incididunt cillum deserunt cupidatat dolore fugiat velit est.', 'https://via.placeholder.com/400/', 'https://via.placeholder.com/400/?text=ICON', 'yellow', '2021-08-13 07:46:55'),
(41, 37, 37.462438, -121.814957, 'Ad exercitation dolor est sunt non reprehenderit quis aliqua enim Lorem qui consequat. Esse culpa sint occaecat officia culpa nulla aliqua sit Lorem magna. Occaecat minim tempor id qui labore amet ea consequat aliqua eiusmod sit aliqua eu.', 'https://via.placeholder.com/400/', 'https://via.placeholder.com/400/?text=ICON', 'red', '2021-01-30 07:13:19'),
(42, 44, 37.303162, -121.547938, 'Enim occaecat nisi commodo nulla ad pariatur incididunt aute qui laborum laborum. Ad consectetur tempor cupidatat in culpa veniam et elit elit aliquip laboris in cillum incididunt. Ad veniam commodo sit consequat ullamco.', 'https://via.placeholder.com/400/', 'https://via.placeholder.com/400/?text=ICON', 'red', '2020-03-29 08:46:36'),
(43, 38, 37.374343, -121.811609, 'Est commodo occaecat aute Lorem qui aliquip deserunt non aute deserunt culpa. Fugiat ea occaecat eu adipisicing sit eiusmod anim laborum culpa sint. Sit ad nisi dolor aute in pariatur dolor do ex duis.', 'https://via.placeholder.com/400/', 'https://via.placeholder.com/400/?text=ICON', 'red', '2021-04-17 04:09:52'),
(44, 39, 37.336096, -121.758130, 'Est ea nisi amet occaecat dolore incididunt anim sunt aliquip ad sit. Nostrud officia ex ullamco do ipsum aute sunt officia ad et. Minim velit cupidatat ut tempor proident.', 'https://via.placeholder.com/400/', 'https://via.placeholder.com/400/?text=ICON', 'yellow', '2020-03-06 03:17:32'),
(45, 5, 37.307916, -121.724160, 'Voluptate ipsum voluptate officia minim ad eiusmod ad quis et excepteur et voluptate id. Fugiat sunt reprehenderit laboris aute ex commodo laboris ullamco nulla non cillum dolore tempor. Do fugiat ut adipisicing cillum excepteur labore.', 'https://via.placeholder.com/400/', 'https://via.placeholder.com/400/?text=ICON', 'yellow', '2021-02-08 06:50:00'),
(46, 15, 37.335099, -121.481048, 'Nostrud do nisi elit duis aute consequat nostrud ullamco. Aliquip mollit culpa ex eiusmod officia culpa occaecat. Reprehenderit occaecat aute occaecat velit ipsum.', 'https://via.placeholder.com/400/', 'https://via.placeholder.com/400/?text=ICON', 'blue', '2021-03-06 01:43:15'),
(47, 43, 37.445408, -121.741463, 'Lorem do anim quis ex irure reprehenderit anim dolore. Aliqua laboris Lorem officia do cupidatat ex reprehenderit ut qui minim consequat irure amet. Quis velit commodo ut eu consectetur dolore dolor minim dolore sint aliqua.', 'https://via.placeholder.com/400/', 'https://via.placeholder.com/400/?text=ICON', 'blue', '2020-05-05 11:36:31'),
(48, 23, 37.348516, -121.637900, 'Aliqua incididunt magna esse Lorem et labore irure nostrud. Labore est magna ex est dolor incididunt velit adipisicing proident in cillum voluptate fugiat cupidatat. Nostrud culpa laborum ad velit.', 'https://via.placeholder.com/400/', 'https://via.placeholder.com/400/?text=ICON', 'yellow', '2020-10-24 08:35:57'),
(49, 42, 37.318410, -121.740220, 'Do quis adipisicing eiusmod do ut fugiat mollit aliqua deserunt tempor anim. Ex magna id duis velit esse reprehenderit culpa adipisicing cillum id est in Lorem cupidatat. Dolor et est commodo Lorem ex ea pariatur laboris adipisicing minim ad eiusmod.', 'https://via.placeholder.com/400/', 'https://via.placeholder.com/400/?text=ICON', 'red', '2020-10-31 06:31:04'),
(50, 8, 37.326730, -121.551106, 'Nisi commodo aliqua Lorem culpa minim minim esse proident officia sint cupidatat sint aute nulla. Adipisicing Lorem adipisicing consequat ea est sit ex nulla deserunt ullamco sit. Nulla aute non tempor laboris cupidatat laborum id amet laborum nostrud voluptate adipisicing dolor.', 'https://via.placeholder.com/400/', 'https://via.placeholder.com/400/?text=ICON', 'blue', '2021-01-07 02:08:08'),
(51, 27, 37.457758, -121.780299, 'Qui velit pariatur aute nostrud reprehenderit in. Aliquip est nulla reprehenderit ipsum quis ex laborum quis reprehenderit do. Anim anim ex ea do id veniam culpa eiusmod nisi elit deserunt.', 'https://via.placeholder.com/400/', 'https://via.placeholder.com/400/?text=ICON', 'blue', '2021-06-24 02:57:29'),
(52, 24, 37.472266, -121.811612, 'Voluptate sit ullamco eu irure cupidatat exercitation sunt id consequat aliquip. Aliquip in quis id nisi irure. Laboris esse eiusmod amet sit consequat deserunt dolore magna in reprehenderit.', 'https://via.placeholder.com/400/', 'https://via.placeholder.com/400/?text=ICON', 'red', '2020-07-27 08:24:01'),
(53, 41, 37.453690, -121.488991, 'Anim veniam consequat cillum cillum minim aliqua culpa sunt commodo. Est aliquip ipsum commodo ex nostrud ullamco occaecat. Ea est ipsum proident labore elit ad sint.', 'https://via.placeholder.com/400/', 'https://via.placeholder.com/400/?text=ICON', 'red', '2021-07-10 07:49:26'),
(54, 23, 37.365171, -121.713458, 'Amet mollit nisi cupidatat mollit occaecat tempor occaecat. Consectetur esse adipisicing voluptate ex cillum in. Sit pariatur sint est commodo.', 'https://via.placeholder.com/400/', 'https://via.placeholder.com/400/?text=ICON', 'blue', '2021-10-19 04:23:54'),
(55, 3, 37.274383, -121.534657, 'Ex velit eiusmod ut magna velit deserunt laboris dolor deserunt et labore. Excepteur nulla fugiat nostrud ipsum. Adipisicing tempor laboris laborum adipisicing laboris tempor cillum dolor pariatur.', 'https://via.placeholder.com/400/', 'https://via.placeholder.com/400/?text=ICON', 'red', '2021-08-26 05:00:10'),
(56, 14, 37.474015, -121.829505, 'Deserunt enim velit dolor aute exercitation nisi qui in qui. Mollit ea ad Lorem velit nostrud fugiat. Sint proident voluptate exercitation esse aliqua commodo ullamco nisi officia ex laboris eu est.', 'https://via.placeholder.com/400/', 'https://via.placeholder.com/400/?text=ICON', 'blue', '2021-02-10 01:13:17'),
(57, 42, 37.294192, -121.646974, 'Anim qui dolore elit fugiat do officia aute aliquip ullamco. Elit sit ipsum enim adipisicing voluptate pariatur incididunt laboris culpa tempor labore irure cillum do. Sunt Lorem ut duis sit laborum.', 'https://via.placeholder.com/400/', 'https://via.placeholder.com/400/?text=ICON', 'yellow', '2020-03-13 07:52:58'),
(58, 16, 37.397793, -121.636582, 'Sit consequat ea velit mollit ullamco elit esse quis reprehenderit amet. Non id elit voluptate aliquip ex sint culpa consequat qui. Est nulla excepteur et ipsum culpa tempor sunt excepteur irure adipisicing sunt elit.', 'https://via.placeholder.com/400/', 'https://via.placeholder.com/400/?text=ICON', 'blue', '2020-05-12 11:34:28'),
(59, 36, 37.420409, -121.561008, 'Minim commodo do in pariatur exercitation tempor laboris ullamco irure. Sint fugiat irure non est. Incididunt aliquip aliquip occaecat sint labore nisi deserunt eiusmod in.', 'https://via.placeholder.com/400/', 'https://via.placeholder.com/400/?text=ICON', 'red', '2020-04-05 06:55:51'),
(60, 50, 37.344935, -121.801996, 'Id do adipisicing sint sunt labore. Anim anim sunt occaecat culpa pariatur minim dolor velit commodo adipisicing. Occaecat esse ipsum eiusmod commodo nostrud officia ad occaecat eiusmod excepteur velit duis.', 'https://via.placeholder.com/400/', 'https://via.placeholder.com/400/?text=ICON', 'blue', '2021-01-30 08:53:40'),
(61, 3, 37.393751, -121.564515, 'In veniam excepteur officia labore Lorem cillum. Veniam sit nostrud non irure mollit velit duis. Est magna qui enim sint ipsum eiusmod aliqua Lorem officia pariatur et.', 'https://via.placeholder.com/400/', 'https://via.placeholder.com/400/?text=ICON', 'red', '2020-12-04 01:25:13'),
(62, 47, 37.359147, -121.653828, 'Irure quis et dolore aliqua et Lorem. Cillum non commodo deserunt ex incididunt sint sit officia. Elit minim do qui pariatur duis nostrud aliquip minim sint incididunt aliqua.', 'https://via.placeholder.com/400/', 'https://via.placeholder.com/400/?text=ICON', 'yellow', '2021-10-24 06:47:10'),
(63, 9, 37.283638, -121.693232, 'Eiusmod eu deserunt eiusmod ut eu deserunt duis eu. Excepteur ex occaecat reprehenderit id minim reprehenderit excepteur. Magna nisi do reprehenderit ullamco et laboris ad aliquip proident ad ullamco dolor in ad.', 'https://via.placeholder.com/400/', 'https://via.placeholder.com/400/?text=ICON', 'blue', '2020-01-17 07:17:03'),
(64, 1, 37.361878, -121.720063, 'Proident nisi qui culpa ipsum enim dolore cillum minim deserunt fugiat nisi. Nulla magna pariatur occaecat sunt sunt labore ea fugiat cupidatat minim officia dolore. Magna in laborum consectetur dolore veniam anim culpa proident nulla anim ex do culpa aute.', 'https://via.placeholder.com/400/', 'https://via.placeholder.com/400/?text=ICON', 'yellow', '2021-12-07 10:02:44'),
(65, 19, 37.341003, -121.494148, 'Velit ut consequat et ullamco in nisi anim adipisicing labore. Ad do adipisicing laborum non laboris ipsum. Est voluptate pariatur magna anim do tempor velit.', 'https://via.placeholder.com/400/', 'https://via.placeholder.com/400/?text=ICON', 'red', '2021-08-25 09:45:35'),
(66, 48, 37.435508, -121.765613, 'Ex sunt non aliqua qui cillum cillum in enim adipisicing minim laboris in sint. Commodo ut sunt proident duis. Reprehenderit labore deserunt minim deserunt deserunt Lorem laborum irure.', 'https://via.placeholder.com/400/', 'https://via.placeholder.com/400/?text=ICON', 'yellow', '2021-05-26 11:11:47'),
(67, 23, 37.447342, -121.590405, 'Fugiat cupidatat ea est aliqua ut. Velit nostrud qui consectetur aute consequat adipisicing eiusmod officia. Qui nulla dolore velit dolore culpa pariatur enim ut veniam veniam qui.', 'https://via.placeholder.com/400/', 'https://via.placeholder.com/400/?text=ICON', 'red', '2020-02-03 02:06:32'),
(68, 21, 37.458201, -121.689807, 'Nisi nostrud deserunt voluptate incididunt ullamco cillum. Non ipsum dolor commodo nulla dolor. Sint ullamco aute Lorem id ullamco irure Lorem quis commodo minim do.', 'https://via.placeholder.com/400/', 'https://via.placeholder.com/400/?text=ICON', 'yellow', '2021-09-04 11:56:09'),
(69, 48, 37.446860, -121.805919, 'Consectetur cupidatat adipisicing consectetur aliquip magna. Dolor officia ipsum officia tempor. Irure aliquip fugiat amet aute sunt amet reprehenderit.', 'https://via.placeholder.com/400/', 'https://via.placeholder.com/400/?text=ICON', 'red', '2021-07-25 12:59:17'),
(70, 14, 37.284583, -121.732289, 'Qui tempor magna sit Lorem consectetur. In sint cupidatat laborum do. Occaecat dolor adipisicing exercitation consectetur tempor in qui.', 'https://via.placeholder.com/400/', 'https://via.placeholder.com/400/?text=ICON', 'red', '2021-07-12 04:39:35'),
(71, 34, 37.406119, -121.741025, 'Cupidatat ullamco do nisi aliqua. Velit sit do consectetur incididunt adipisicing. Qui tempor minim eiusmod culpa nostrud do occaecat sint.', 'https://via.placeholder.com/400/', 'https://via.placeholder.com/400/?text=ICON', 'blue', '2020-01-21 04:50:55'),
(72, 47, 37.454976, -121.704720, 'Ad non laboris ut magna laborum excepteur sunt dolore culpa proident voluptate nostrud eiusmod reprehenderit. Ullamco consequat reprehenderit dolor anim excepteur veniam officia nostrud veniam aliqua ut aliquip elit ullamco. Aute occaecat sint id amet aliqua mollit velit.', 'https://via.placeholder.com/400/', 'https://via.placeholder.com/400/?text=ICON', 'red', '2021-06-16 12:20:07'),
(73, 31, 37.466753, -121.481624, 'Duis cupidatat dolor minim do adipisicing ullamco sint enim nostrud mollit voluptate. Cupidatat ullamco adipisicing nostrud adipisicing ut do nisi elit fugiat dolor pariatur ex ut. Tempor voluptate voluptate laborum mollit velit dolor adipisicing reprehenderit laborum.', 'https://via.placeholder.com/400/', 'https://via.placeholder.com/400/?text=ICON', 'yellow', '2020-08-03 03:24:03'),
(74, 1, 37.410188, -121.613923, 'Incididunt mollit exercitation esse minim ea excepteur sunt quis esse anim. Ullamco occaecat do sint commodo duis cupidatat do anim Lorem et cupidatat. Occaecat commodo tempor aliquip ut dolore tempor et elit in enim deserunt exercitation sunt aliqua.', 'https://via.placeholder.com/400/', 'https://via.placeholder.com/400/?text=ICON', 'blue', '2021-05-26 06:21:00'),
(75, 3, 37.328288, -121.646462, 'Ullamco fugiat voluptate occaecat qui fugiat eiusmod. Cillum cupidatat commodo do duis eiusmod. Esse qui consectetur occaecat mollit cillum sit commodo.', 'https://via.placeholder.com/400/', 'https://via.placeholder.com/400/?text=ICON', 'yellow', '2021-09-16 01:49:10'),
(76, 30, 37.389630, -121.562537, 'Dolor adipisicing incididunt enim velit labore adipisicing commodo fugiat ex exercitation. Aute mollit do pariatur aliquip id et officia ut laboris cillum tempor sunt ea. Do sit reprehenderit ad nisi ipsum sit mollit incididunt laborum consectetur sint incididunt in in.', 'https://via.placeholder.com/400/', 'https://via.placeholder.com/400/?text=ICON', 'yellow', '2020-06-19 03:32:55'),
(77, 20, 37.348593, -121.588492, 'Tempor est amet esse Lorem eu aliqua est proident eu Lorem ipsum. Consectetur est proident excepteur anim eu laborum deserunt mollit commodo aliqua nostrud fugiat commodo ipsum. Eiusmod nulla aliqua dolore anim reprehenderit labore aliquip reprehenderit elit est reprehenderit culpa quis ullamco.', 'https://via.placeholder.com/400/', 'https://via.placeholder.com/400/?text=ICON', 'yellow', '2021-11-17 10:49:27'),
(78, 48, 37.293343, -121.835450, 'Velit tempor voluptate commodo dolor id eu excepteur cillum id excepteur ad fugiat in. Deserunt pariatur elit do excepteur adipisicing cupidatat eiusmod eiusmod fugiat mollit. Enim ad cupidatat qui amet nulla.', 'https://via.placeholder.com/400/', 'https://via.placeholder.com/400/?text=ICON', 'yellow', '2020-10-22 02:48:21'),
(79, 38, 37.277564, -121.575947, 'Reprehenderit irure labore dolore incididunt ullamco eiusmod nulla fugiat fugiat pariatur ea amet cupidatat. Reprehenderit aliquip tempor commodo deserunt dolore consectetur elit excepteur tempor ullamco exercitation id officia. Sint enim elit consequat culpa aute adipisicing tempor ipsum anim qui commodo nostrud proident sint.', 'https://via.placeholder.com/400/', 'https://via.placeholder.com/400/?text=ICON', 'yellow', '2020-09-25 11:18:18'),
(80, 6, 37.342021, -121.625646, 'Ipsum amet do nisi voluptate elit proident eiusmod consectetur reprehenderit occaecat veniam id. Non et et cillum officia duis fugiat laborum nostrud eu dolor esse eu. Cillum adipisicing sit irure velit velit anim veniam ullamco fugiat veniam.', 'https://via.placeholder.com/400/', 'https://via.placeholder.com/400/?text=ICON', 'yellow', '2020-06-20 01:45:08'),
(81, 6, 37.396978, -121.806282, 'Sint ex commodo commodo deserunt. Lorem proident occaecat aliqua magna do laboris anim reprehenderit commodo aliqua ullamco et. Dolore duis sunt sit qui excepteur dolor ut eu nostrud.', 'https://via.placeholder.com/400/', 'https://via.placeholder.com/400/?text=ICON', 'blue', '2020-06-26 10:58:20'),
(82, 9, 37.306432, -121.663547, 'Ipsum reprehenderit deserunt tempor magna incididunt esse tempor exercitation tempor. Nisi non enim ea in aliquip ipsum proident fugiat anim ex qui. Exercitation ad pariatur esse ad laboris nisi officia magna nostrud eiusmod mollit minim sunt.', 'https://via.placeholder.com/400/', 'https://via.placeholder.com/400/?text=ICON', 'blue', '2020-12-19 02:00:10'),
(83, 16, 37.413607, -121.498854, 'Dolor amet occaecat ea ea nisi enim esse anim ut ea aliqua exercitation laborum sint. Mollit adipisicing irure ex voluptate veniam sint. Ex laborum sit aliquip Lorem consequat aute sint laborum velit sit deserunt in cillum voluptate.', 'https://via.placeholder.com/400/', 'https://via.placeholder.com/400/?text=ICON', 'blue', '2021-03-02 01:08:56'),
(84, 17, 37.446878, -121.696515, 'Velit quis non consectetur nostrud enim exercitation nisi in sunt excepteur ipsum. Non eiusmod incididunt non consequat cillum aute aliquip nulla enim nostrud Lorem ex. Deserunt esse anim consectetur excepteur culpa labore sit do sunt mollit proident.', 'https://via.placeholder.com/400/', 'https://via.placeholder.com/400/?text=ICON', 'red', '2020-10-11 03:01:11'),
(85, 35, 37.330993, -121.468097, 'Ullamco aliquip mollit adipisicing mollit adipisicing et dolor mollit non ex aute. Consectetur in labore exercitation nisi in dolore ipsum cillum cupidatat laboris proident cillum ullamco Lorem. Id amet exercitation veniam esse velit voluptate proident dolore.', 'https://via.placeholder.com/400/', 'https://via.placeholder.com/400/?text=ICON', 'blue', '2020-12-09 07:28:04'),
(86, 22, 37.400846, -121.652563, 'In adipisicing ullamco dolor id proident ipsum incididunt pariatur ea tempor et. Lorem officia ut reprehenderit dolor ullamco quis do officia tempor. Labore consectetur dolor culpa laboris minim sint culpa in enim.', 'https://via.placeholder.com/400/', 'https://via.placeholder.com/400/?text=ICON', 'yellow', '2020-02-22 04:40:29'),
(87, 43, 37.308622, -121.831994, 'Duis in aliquip aute excepteur. Cillum elit incididunt aliquip excepteur elit ipsum aliqua est. Sunt id magna nulla quis.', 'https://via.placeholder.com/400/', 'https://via.placeholder.com/400/?text=ICON', 'yellow', '2021-03-24 09:49:44'),
(88, 23, 37.374480, -121.648829, 'Ea proident eu laborum non aliquip mollit. Officia reprehenderit sit consequat labore ex anim nulla dolore veniam minim magna aute deserunt laborum. Cupidatat ad sit excepteur reprehenderit qui voluptate anim eu nostrud ipsum aute ipsum.', 'https://via.placeholder.com/400/', 'https://via.placeholder.com/400/?text=ICON', 'red', '2021-07-15 12:01:02'),
(89, 19, 37.434713, -121.499578, 'Ut velit eu elit minim non. Ex anim non nostrud voluptate exercitation esse exercitation id consequat adipisicing Lorem esse magna. Reprehenderit culpa in et occaecat Lorem ullamco magna consequat minim.', 'https://via.placeholder.com/400/', 'https://via.placeholder.com/400/?text=ICON', 'blue', '2020-03-28 04:42:25'),
(90, 11, 37.354852, -121.561294, 'Ut aliquip eu in excepteur anim anim cillum est. Aliquip quis sit incididunt pariatur eiusmod reprehenderit. Nulla minim dolor reprehenderit aute ullamco labore et sit consequat.', 'https://via.placeholder.com/400/', 'https://via.placeholder.com/400/?text=ICON', 'yellow', '2021-04-02 10:07:44'),
(91, 33, 37.393914, -121.478319, 'Sunt ex sit aliqua aute cillum consequat cillum id eiusmod et adipisicing occaecat proident elit. Esse tempor ad dolor excepteur do nisi mollit. Consequat esse laborum enim ad voluptate cillum proident esse nisi consequat est.', 'https://via.placeholder.com/400/', 'https://via.placeholder.com/400/?text=ICON', 'blue', '2021-06-04 11:31:08'),
(92, 32, 37.472154, -121.671893, 'Consectetur officia aliqua sit consequat in aliquip consequat pariatur id officia voluptate elit aliqua laboris. Esse nostrud ullamco ad duis. Enim ullamco commodo ullamco aliquip anim.', 'https://via.placeholder.com/400/', 'https://via.placeholder.com/400/?text=ICON', 'blue', '2021-05-24 08:19:07'),
(93, 19, 37.265749, -121.806663, 'Mollit labore non esse cupidatat aute fugiat pariatur commodo. Consectetur elit Lorem pariatur cupidatat sunt occaecat ipsum culpa duis aute nulla. Labore mollit proident dolor ut elit tempor enim sit laborum non aliquip.', 'https://via.placeholder.com/400/', 'https://via.placeholder.com/400/?text=ICON', 'blue', '2020-02-03 07:39:47'),
(94, 38, 37.444885, -121.618983, 'Voluptate veniam quis culpa voluptate enim fugiat ad ad. Sint magna ullamco amet elit esse amet. Aliquip ex ullamco consequat fugiat adipisicing.', 'https://via.placeholder.com/400/', 'https://via.placeholder.com/400/?text=ICON', 'blue', '2020-11-01 03:18:46'),
(95, 16, 37.307984, -121.551586, 'Laborum laborum reprehenderit qui esse ad nostrud amet. Veniam et amet amet officia dolor tempor nisi veniam non. Esse est nostrud sunt irure do adipisicing sunt amet.', 'https://via.placeholder.com/400/', 'https://via.placeholder.com/400/?text=ICON', 'red', '2021-03-11 10:16:14'),
(96, 28, 37.297768, -121.794658, 'Nostrud consectetur elit non dolor veniam proident nulla velit. Sit ut est nulla officia dolor adipisicing eu qui magna occaecat qui ad. Incididunt excepteur consectetur veniam excepteur.', 'https://via.placeholder.com/400/', 'https://via.placeholder.com/400/?text=ICON', 'red', '2020-11-21 06:44:18'),
(97, 46, 37.343455, -121.735440, 'Eu id incididunt et eiusmod velit excepteur cupidatat. Velit fugiat laborum mollit incididunt ipsum qui veniam labore consequat non mollit occaecat. Deserunt velit aute amet velit culpa id nisi enim voluptate.', 'https://via.placeholder.com/400/', 'https://via.placeholder.com/400/?text=ICON', 'blue', '2021-02-19 09:32:50'),
(98, 30, 37.422632, -121.541292, 'Do adipisicing amet aute veniam voluptate deserunt quis ut deserunt ad. Commodo qui eu veniam ex sunt ea voluptate consequat culpa deserunt consequat. Amet incididunt tempor fugiat ullamco et et laborum veniam ipsum ipsum labore.', 'https://via.placeholder.com/400/', 'https://via.placeholder.com/400/?text=ICON', 'blue', '2020-10-30 12:23:55'),
(99, 43, 37.323548, -121.713720, 'Non adipisicing consectetur et culpa proident in magna deserunt excepteur. Est tempor sit ad pariatur incididunt non amet in velit ullamco. Minim aliquip sint ipsum pariatur ea eu cillum commodo ad voluptate est.', 'https://via.placeholder.com/400/', 'https://via.placeholder.com/400/?text=ICON', 'blue', '2020-07-18 04:02:26'),
(100, 39, 37.310221, -121.676127, 'Amet minim reprehenderit quis ea labore. Adipisicing quis est do fugiat voluptate dolor. Anim ullamco esse adipisicing nisi dolor incididunt.', 'https://via.placeholder.com/400/', 'https://via.placeholder.com/400/?text=ICON', 'red', '2021-08-15 01:36:00'),
(101, 50, 37.271853, -121.676290, 'Non sint proident nostrud est velit eiusmod dolore et culpa incididunt est. Ut in nostrud amet excepteur aute exercitation minim id. Et Lorem ea laborum laboris voluptate.', 'https://via.placeholder.com/400/', 'https://via.placeholder.com/400/?text=ICON', 'red', '2021-03-02 05:57:07'),
(102, 46, 37.456858, -121.750910, 'Enim culpa nisi consectetur do tempor officia veniam. Velit velit ea voluptate tempor do. Laborum irure cupidatat commodo eu anim dolore proident et nulla dolor.', 'https://via.placeholder.com/400/', 'https://via.placeholder.com/400/?text=ICON', 'red', '2021-08-20 06:40:49'),
(103, 3, 37.392332, -121.749674, 'Eu laboris veniam velit nostrud aute excepteur non nisi deserunt do consequat dolore. Tempor reprehenderit occaecat anim labore sunt deserunt. Sit pariatur eiusmod voluptate ad aliquip enim magna mollit non.', 'https://via.placeholder.com/400/', 'https://via.placeholder.com/400/?text=ICON', 'red', '2020-11-23 06:56:43'),
(104, 7, 37.299726, -121.624737, 'Consectetur ipsum occaecat non laborum aliquip incididunt qui dolor velit anim in. Culpa deserunt dolore excepteur exercitation. Elit ex duis Lorem eiusmod mollit exercitation sit laboris ea amet dolore exercitation non.', 'https://via.placeholder.com/400/', 'https://via.placeholder.com/400/?text=ICON', 'red', '2021-02-10 04:05:57'),
(105, 11, 37.428667, -121.588018, 'Mollit mollit quis non ullamco consectetur nulla consectetur quis ut amet. Incididunt non magna Lorem qui nostrud pariatur. Minim ex elit commodo aute mollit est duis reprehenderit sunt reprehenderit Lorem cupidatat sit.', 'https://via.placeholder.com/400/', 'https://via.placeholder.com/400/?text=ICON', 'yellow', '2020-12-07 05:05:53'),
(106, 23, 37.474636, -121.531976, 'Qui ea veniam ut anim id excepteur veniam laboris esse consectetur dolore ullamco. Aliquip minim eu proident ullamco adipisicing labore duis cillum aute id laborum quis veniam. Adipisicing aute mollit proident do occaecat Lorem quis eiusmod nulla aliqua tempor cupidatat.', 'https://via.placeholder.com/400/', 'https://via.placeholder.com/400/?text=ICON', 'blue', '2021-12-04 08:41:34'),
(107, 9, 37.462008, -121.787541, 'Lorem sunt exercitation ipsum non occaecat non non sunt veniam. Reprehenderit excepteur sunt culpa do ad. Incididunt dolore in minim laboris amet adipisicing.', 'https://via.placeholder.com/400/', 'https://via.placeholder.com/400/?text=ICON', 'red', '2020-08-09 12:17:48'),
(108, 9, 37.295773, -121.526515, 'Nostrud pariatur officia aute duis ipsum consequat culpa nulla magna sunt nisi. Excepteur proident aliquip ullamco ad. Elit fugiat anim sunt ex tempor occaecat sint.', 'https://via.placeholder.com/400/', 'https://via.placeholder.com/400/?text=ICON', 'blue', '2021-10-20 11:28:19'),
(109, 50, 37.471518, -121.701008, 'Cillum dolore magna veniam aliqua id. Aliquip occaecat cillum id sit sunt nostrud ad. Est culpa enim minim et velit commodo laboris amet incididunt amet veniam eiusmod eu.', 'https://via.placeholder.com/400/', 'https://via.placeholder.com/400/?text=ICON', 'red', '2020-06-15 11:29:27'),
(110, 22, 37.268431, -121.792572, 'Voluptate in occaecat dolor et magna occaecat fugiat do non dolor ipsum. Sit fugiat consectetur ad est anim et fugiat in adipisicing aute irure fugiat culpa pariatur. Enim duis nisi anim irure sint aute.', 'https://via.placeholder.com/400/', 'https://via.placeholder.com/400/?text=ICON', 'yellow', '2021-03-09 01:52:48'),
(111, 46, 37.473197, -121.551641, 'Anim minim qui consectetur amet ullamco enim sint veniam dolore. Est reprehenderit reprehenderit consequat non et ad sint ex veniam excepteur Lorem aute ullamco. Veniam commodo Lorem duis non sit aute irure excepteur quis pariatur aliquip eiusmod nostrud.', 'https://via.placeholder.com/400/', 'https://via.placeholder.com/400/?text=ICON', 'red', '2021-02-17 03:27:05'),
(112, 30, 37.471042, -121.746140, 'Cillum officia eu est ullamco incididunt. Amet proident voluptate laboris eiusmod fugiat consectetur. Ex adipisicing cillum deserunt sit aliquip sint.', 'https://via.placeholder.com/400/', 'https://via.placeholder.com/400/?text=ICON', 'blue', '2020-11-27 02:45:13'),
(113, 39, 37.270288, -121.542771, 'Ea commodo minim incididunt ipsum nulla dolor ipsum officia. Enim officia commodo nulla aliquip sit mollit nulla non mollit voluptate. Qui esse reprehenderit eiusmod exercitation qui culpa cupidatat irure fugiat irure id.', 'https://via.placeholder.com/400/', 'https://via.placeholder.com/400/?text=ICON', 'blue', '2021-07-13 12:20:17'),
(114, 33, 37.446944, -121.807274, 'Nostrud minim ut et pariatur esse. Eu et irure exercitation sit duis et labore officia enim dolore adipisicing officia fugiat. Amet labore aliqua sit consectetur magna eiusmod est.', 'https://via.placeholder.com/400/', 'https://via.placeholder.com/400/?text=ICON', 'yellow', '2020-04-13 07:49:37'),
(115, 3, 37.375694, -121.467210, 'Ut labore Lorem sunt sint. Lorem culpa cupidatat labore dolor elit in ullamco in labore culpa duis veniam sit commodo. Mollit labore proident adipisicing ea laboris.', 'https://via.placeholder.com/400/', 'https://via.placeholder.com/400/?text=ICON', 'red', '2021-03-25 06:02:32'),
(116, 37, 37.267576, -121.552213, 'Magna fugiat est irure minim reprehenderit eu aute Lorem exercitation proident. Esse officia in consectetur fugiat quis consequat Lorem. Est et fugiat ullamco ipsum voluptate fugiat nostrud.', 'https://via.placeholder.com/400/', 'https://via.placeholder.com/400/?text=ICON', 'red', '2020-10-17 12:41:33'),
(117, 20, 37.370716, -121.669872, 'Et cillum dolore eiusmod dolore qui sunt dolore. Elit qui deserunt pariatur id. Culpa laborum ut aute et aliquip pariatur dolore laboris.', 'https://via.placeholder.com/400/', 'https://via.placeholder.com/400/?text=ICON', 'blue', '2020-08-26 06:27:08'),
(118, 11, 37.315460, -121.763523, 'Ex in quis consequat ex commodo non aute occaecat veniam nostrud pariatur qui consequat. Non elit ea enim laborum. Consequat consequat ipsum laboris laboris reprehenderit magna officia magna velit nisi excepteur.', 'https://via.placeholder.com/400/', 'https://via.placeholder.com/400/?text=ICON', 'yellow', '2021-02-03 06:12:05'),
(119, 2, 37.474948, -121.818990, 'Veniam reprehenderit et aliqua nostrud. Proident veniam Lorem fugiat irure occaecat velit occaecat. In Lorem magna ut exercitation duis aliqua exercitation pariatur est do elit nulla.', 'https://via.placeholder.com/400/', 'https://via.placeholder.com/400/?text=ICON', 'blue', '2020-01-29 04:52:16'),
(120, 31, 37.334949, -121.485211, 'Dolor et duis ex culpa sit irure sit nisi exercitation amet. Nulla deserunt quis dolore occaecat nulla ad dolore elit dolore magna. Esse ullamco nulla dolor mollit nulla dolor ea Lorem sint ipsum reprehenderit sunt mollit non.', 'https://via.placeholder.com/400/', 'https://via.placeholder.com/400/?text=ICON', 'yellow', '2020-04-21 06:41:56'),
(121, 2, 37.279110, -121.487182, 'Nisi occaecat exercitation laboris dolor et dolor duis fugiat incididunt magna ad commodo deserunt sunt. Ullamco ullamco sint culpa exercitation consequat ad occaecat. Ipsum ea adipisicing pariatur eu officia ea.', 'https://via.placeholder.com/400/', 'https://via.placeholder.com/400/?text=ICON', 'red', '2021-05-19 06:49:58'),
(122, 1, 37.426419, -121.807644, 'Tempor esse duis nisi sint culpa eu incididunt duis aliqua occaecat nostrud velit. Mollit dolore ut sint mollit incididunt officia anim est mollit. Est qui qui quis sint.', 'https://via.placeholder.com/400/', 'https://via.placeholder.com/400/?text=ICON', 'yellow', '2020-10-13 02:53:58'),
(123, 16, 37.399403, -121.832645, 'Voluptate excepteur elit do qui cupidatat laborum. Sint excepteur duis ad ipsum veniam. Dolore anim duis voluptate excepteur cupidatat commodo esse commodo quis ad.', 'https://via.placeholder.com/400/', 'https://via.placeholder.com/400/?text=ICON', 'blue', '2021-10-13 02:56:33'),
(124, 40, 37.343789, -121.687559, 'Ex ut amet non qui minim. Ex esse sit adipisicing est sunt excepteur id deserunt excepteur voluptate dolor deserunt. Duis eu aute nisi proident irure elit consectetur non consequat sunt enim ex enim.', 'https://via.placeholder.com/400/', 'https://via.placeholder.com/400/?text=ICON', 'blue', '2020-06-06 10:48:45'),
(125, 46, 37.361065, -121.819066, 'Duis proident laboris non ea enim ad veniam. Eiusmod nisi Lorem ex fugiat quis tempor aute et nisi id commodo laborum eu. Consequat ullamco occaecat excepteur in ad exercitation ut labore dolor.', 'https://via.placeholder.com/400/', 'https://via.placeholder.com/400/?text=ICON', 'yellow', '2021-04-03 10:29:07'),
(126, 5, 37.365461, -121.605857, 'Adipisicing ut non esse ad voluptate exercitation dolore irure aliquip minim eu aute. Irure nulla reprehenderit excepteur officia pariatur fugiat tempor exercitation. Proident et id aliqua elit amet commodo commodo sunt.', 'https://via.placeholder.com/400/', 'https://via.placeholder.com/400/?text=ICON', 'blue', '2020-03-08 02:19:55'),
(127, 21, 37.443754, -121.755310, 'Velit est ea veniam irure minim incididunt minim mollit. Officia esse cupidatat anim velit non ad irure ex ea officia. Tempor sint velit sunt exercitation excepteur.', 'https://via.placeholder.com/400/', 'https://via.placeholder.com/400/?text=ICON', 'blue', '2020-09-20 10:28:49'),
(128, 37, 37.306963, -121.499314, 'Tempor veniam ut Lorem ipsum irure dolor laborum veniam nostrud sunt esse. Labore minim ullamco exercitation cillum commodo ea culpa culpa sit Lorem veniam consequat deserunt. Est ullamco sit occaecat ex proident ex non.', 'https://via.placeholder.com/400/', 'https://via.placeholder.com/400/?text=ICON', 'yellow', '2021-08-05 06:30:22'),
(129, 24, 37.376093, -121.715047, 'Est reprehenderit cupidatat et eu ex ut ad fugiat ullamco et aliquip. Ut laboris reprehenderit fugiat do incididunt sit laborum et do labore incididunt sint non veniam. Deserunt consectetur exercitation tempor dolore aute amet Lorem tempor in aliqua enim ea occaecat.', 'https://via.placeholder.com/400/', 'https://via.placeholder.com/400/?text=ICON', 'red', '2020-07-02 12:37:38'),
(130, 5, 37.446899, -121.601097, 'Reprehenderit eiusmod Lorem Lorem id aute incididunt tempor nulla adipisicing dolore. Est ut amet minim irure qui occaecat pariatur mollit magna ea. Dolore esse consequat laboris do cillum ullamco.', 'https://via.placeholder.com/400/', 'https://via.placeholder.com/400/?text=ICON', 'red', '2020-03-07 11:27:28'),
(131, 22, 37.412793, -121.756095, 'Cupidatat ad in et ullamco mollit dolor aliqua voluptate consectetur ipsum Lorem. In enim amet veniam do. Dolor pariatur quis do tempor in dolor ad incididunt eiusmod et labore tempor.', 'https://via.placeholder.com/400/', 'https://via.placeholder.com/400/?text=ICON', 'blue', '2021-05-27 11:23:32'),
(132, 7, 37.420149, -121.496927, 'Mollit fugiat exercitation aliqua ullamco laboris anim occaecat deserunt officia deserunt. Dolor esse ullamco reprehenderit non voluptate commodo nulla. Enim proident aliqua nisi laborum anim duis minim ea non veniam.', 'https://via.placeholder.com/400/', 'https://via.placeholder.com/400/?text=ICON', 'red', '2021-08-28 12:17:49'),
(133, 24, 37.355600, -121.533013, 'Id ad officia excepteur ut laboris proident quis velit in irure sint cupidatat voluptate eiusmod. Exercitation amet consequat consequat ullamco consectetur ex elit quis eiusmod reprehenderit aliqua deserunt. Irure quis mollit ut id id voluptate.', 'https://via.placeholder.com/400/', 'https://via.placeholder.com/400/?text=ICON', 'yellow', '2020-12-07 08:58:56'),
(134, 19, 37.472336, -121.681285, 'Reprehenderit ut occaecat Lorem laboris. Est proident esse deserunt aliqua fugiat dolor. Commodo cupidatat eu tempor aliqua consectetur consequat aliqua nulla dolor.', 'https://via.placeholder.com/400/', 'https://via.placeholder.com/400/?text=ICON', 'red', '2021-09-30 09:51:05'),
(135, 28, 37.318986, -121.818577, 'Sunt proident dolor laboris duis mollit nisi labore elit ullamco. Do voluptate tempor sunt eu exercitation excepteur ad duis. Ea ipsum non qui tempor occaecat in deserunt aute.', 'https://via.placeholder.com/400/', 'https://via.placeholder.com/400/?text=ICON', 'red', '2021-11-27 06:56:31'),
(136, 46, 37.416375, -121.641361, 'Ipsum esse ad consequat Lorem. Laboris ipsum esse fugiat duis et culpa laborum. Exercitation officia enim Lorem mollit dolor cillum.', 'https://via.placeholder.com/400/', 'https://via.placeholder.com/400/?text=ICON', 'red', '2020-01-15 03:35:17'),
(137, 9, 37.418890, -121.648623, 'Mollit labore aliqua aliquip deserunt exercitation officia dolore nisi quis sunt ad excepteur tempor. Amet incididunt non ullamco elit ea. Reprehenderit dolor pariatur nisi nostrud pariatur.', 'https://via.placeholder.com/400/', 'https://via.placeholder.com/400/?text=ICON', 'red', '2020-05-02 07:18:08'),
(138, 2, 37.418056, -121.818207, 'Proident magna incididunt Lorem id eiusmod ipsum. Laboris officia dolor non consectetur proident reprehenderit mollit mollit occaecat est. Occaecat anim tempor ipsum laborum ullamco consectetur Lorem proident irure.', 'https://via.placeholder.com/400/', 'https://via.placeholder.com/400/?text=ICON', 'red', '2021-12-03 11:39:22'),
(139, 33, 37.427941, -121.544640, 'Cupidatat consequat aute nostrud officia do ipsum eiusmod commodo id mollit veniam sint. Consectetur non qui duis non ad id eiusmod. Sit nostrud aliquip ullamco ad.', 'https://via.placeholder.com/400/', 'https://via.placeholder.com/400/?text=ICON', 'red', '2020-12-05 08:12:13'),
(140, 27, 37.421651, -121.506178, 'Elit ullamco laborum velit tempor pariatur. Qui voluptate ut qui anim occaecat qui deserunt commodo fugiat labore occaecat. Laboris velit sunt minim sit et aliqua velit id reprehenderit adipisicing aute officia.', 'https://via.placeholder.com/400/', 'https://via.placeholder.com/400/?text=ICON', 'blue', '2021-05-11 02:51:18'),
(141, 42, 37.423642, -121.772108, 'Id ea voluptate laboris qui amet pariatur qui do duis consectetur. Commodo non id aliqua aute deserunt veniam laboris ut dolor culpa officia adipisicing aute in. Cillum ullamco consectetur velit minim est deserunt aliquip reprehenderit nostrud enim voluptate.', 'https://via.placeholder.com/400/', 'https://via.placeholder.com/400/?text=ICON', 'yellow', '2021-11-07 08:40:42'),
(142, 25, 37.306896, -121.779921, 'Excepteur adipisicing dolore aliquip ex duis id ipsum. Proident ea aliquip nostrud Lorem est. Minim fugiat labore ex ut.', 'https://via.placeholder.com/400/', 'https://via.placeholder.com/400/?text=ICON', 'blue', '2021-07-27 07:58:05');
INSERT INTO `track_locations` (`id`, `animal_id`, `lat`, `lng`, `description`, `photo`, `icon`, `color`, `date_create`) VALUES
(143, 40, 37.435625, -121.480629, 'Incididunt dolor dolore mollit ad elit. Anim non sunt ipsum adipisicing qui nisi adipisicing aliquip cupidatat eiusmod amet commodo laboris labore. Nulla qui enim veniam excepteur fugiat officia anim sint ex cillum.', 'https://via.placeholder.com/400/', 'https://via.placeholder.com/400/?text=ICON', 'blue', '2020-07-21 07:31:02'),
(144, 32, 37.384101, -121.588683, 'Sit reprehenderit proident aliqua occaecat sunt aute Lorem elit. Minim ipsum mollit mollit nisi eu ut occaecat reprehenderit. Ullamco sunt officia deserunt nulla laboris fugiat consectetur enim fugiat.', 'https://via.placeholder.com/400/', 'https://via.placeholder.com/400/?text=ICON', 'yellow', '2020-02-12 05:05:30'),
(145, 33, 37.292736, -121.466807, 'Pariatur dolor sunt commodo elit irure mollit culpa. Anim do exercitation esse enim mollit sint cillum laborum. Et veniam aute consectetur nostrud veniam non.', 'https://via.placeholder.com/400/', 'https://via.placeholder.com/400/?text=ICON', 'blue', '2020-11-14 09:31:17'),
(146, 24, 37.371148, -121.655856, 'Laborum cillum fugiat officia proident laborum nostrud adipisicing fugiat consequat consectetur. Deserunt nisi esse excepteur nulla mollit aliqua excepteur. Duis ad amet labore elit nulla officia nisi velit.', 'https://via.placeholder.com/400/', 'https://via.placeholder.com/400/?text=ICON', 'yellow', '2020-01-30 08:17:59'),
(147, 46, 37.453122, -121.692860, 'Ex dolore velit qui voluptate consectetur. Pariatur mollit officia aute adipisicing non adipisicing do id cupidatat dolor mollit minim nulla. Officia do commodo dolore nostrud tempor adipisicing.', 'https://via.placeholder.com/400/', 'https://via.placeholder.com/400/?text=ICON', 'yellow', '2020-06-30 04:42:29'),
(148, 39, 37.447519, -121.823186, 'Et dolore eu proident do in ea esse. Cupidatat ea veniam tempor ex ut ea sit non nulla cupidatat est. Pariatur qui exercitation dolor enim.', 'https://via.placeholder.com/400/', 'https://via.placeholder.com/400/?text=ICON', 'red', '2020-12-21 02:12:19'),
(149, 12, 37.427621, -121.619654, 'Ad adipisicing tempor do fugiat aute laborum ullamco ut sunt sunt et consectetur Lorem. Enim eu nostrud Lorem dolor. Magna cupidatat fugiat magna excepteur ullamco adipisicing fugiat cillum aliqua.', 'https://via.placeholder.com/400/', 'https://via.placeholder.com/400/?text=ICON', 'blue', '2020-04-13 11:26:32'),
(150, 1, 37.432176, -121.704766, 'Consequat quis deserunt aute aliquip amet nisi. Elit minim sit aute veniam laborum dolore. Consequat ullamco reprehenderit non consectetur proident elit ea Lorem laborum consequat est reprehenderit.', 'https://via.placeholder.com/400/', 'https://via.placeholder.com/400/?text=ICON', 'red', '2021-07-01 06:46:45'),
(151, 18, 37.321706, -121.648705, 'Consequat tempor sunt minim eiusmod ipsum ea consequat. Aliquip eiusmod enim consequat magna. Nostrud cillum incididunt et nostrud consectetur aliquip ex officia pariatur nulla nulla dolor.', 'https://via.placeholder.com/400/', 'https://via.placeholder.com/400/?text=ICON', 'red', '2021-01-08 06:45:48'),
(152, 16, 37.429584, -121.693953, 'Dolore deserunt nulla fugiat sit laboris eiusmod adipisicing non. Dolor occaecat ipsum labore ex non esse excepteur minim ipsum tempor deserunt commodo. Ut id velit minim ipsum aliqua esse veniam nisi labore enim culpa adipisicing.', 'https://via.placeholder.com/400/', 'https://via.placeholder.com/400/?text=ICON', 'yellow', '2020-05-10 11:00:45'),
(153, 3, 37.433539, -121.751470, 'Cillum sint fugiat in id occaecat id ipsum exercitation. Dolor sit magna in nulla tempor nisi quis quis duis aliquip aute culpa et. Ea consequat consectetur minim aute labore nisi.', 'https://via.placeholder.com/400/', 'https://via.placeholder.com/400/?text=ICON', 'red', '2021-02-25 11:53:47'),
(154, 32, 37.460754, -121.662187, 'Veniam elit fugiat veniam eiusmod ex laboris fugiat veniam mollit sit laborum do laborum. Ea labore Lorem ad proident pariatur. Pariatur veniam cillum irure minim esse.', 'https://via.placeholder.com/400/', 'https://via.placeholder.com/400/?text=ICON', 'yellow', '2020-06-11 07:22:25'),
(155, 4, 37.290126, -121.622434, 'Irure consectetur ex magna excepteur labore id Lorem quis eu enim. Laboris ipsum duis mollit tempor. Reprehenderit cillum tempor ad dolore eu Lorem fugiat eu voluptate non.', 'https://via.placeholder.com/400/', 'https://via.placeholder.com/400/?text=ICON', 'red', '2021-08-15 08:55:13'),
(156, 15, 37.421345, -121.591545, 'Aliqua adipisicing sint pariatur est consectetur sit. Non veniam id sint adipisicing eiusmod reprehenderit non adipisicing irure id tempor. Irure qui laborum nulla dolor non in culpa pariatur sint sint pariatur ullamco pariatur sint.', 'https://via.placeholder.com/400/', 'https://via.placeholder.com/400/?text=ICON', 'red', '2020-01-31 05:42:52'),
(157, 12, 37.396224, -121.688385, 'Aute tempor eu aliquip deserunt. Eiusmod occaecat fugiat officia fugiat. Esse ut consectetur qui duis et.', 'https://via.placeholder.com/400/', 'https://via.placeholder.com/400/?text=ICON', 'blue', '2021-04-22 01:40:27'),
(158, 37, 37.330752, -121.547994, 'Sit velit mollit aliqua consequat. Sit sunt pariatur excepteur consectetur sunt sunt nulla nostrud nisi. Occaecat Lorem ad cillum occaecat elit consectetur pariatur irure adipisicing excepteur.', 'https://via.placeholder.com/400/', 'https://via.placeholder.com/400/?text=ICON', 'yellow', '2021-08-29 06:45:35'),
(159, 48, 37.285697, -121.477688, 'Lorem ad tempor velit Lorem ea et ullamco amet incididunt est non culpa. Laborum dolor do ex non culpa laborum culpa mollit ullamco nisi voluptate ex aute minim. Tempor ad incididunt minim aliquip ad consequat cillum anim incididunt dolor dolore.', 'https://via.placeholder.com/400/', 'https://via.placeholder.com/400/?text=ICON', 'red', '2020-01-31 10:00:54'),
(160, 43, 37.353033, -121.812724, 'Elit ad ut aliqua laboris voluptate exercitation aliquip dolore. Exercitation eu irure dolore culpa cillum esse aliqua nostrud ea cupidatat cillum. Eu magna labore laborum commodo eiusmod id.', 'https://via.placeholder.com/400/', 'https://via.placeholder.com/400/?text=ICON', 'yellow', '2021-03-28 07:27:12'),
(161, 9, 37.442297, -121.642326, 'Occaecat labore amet est et nisi laborum velit culpa occaecat Lorem veniam aliqua ut. Laboris ex ex sunt laborum eiusmod. Do et qui est culpa quis laborum ea proident labore Lorem.', 'https://via.placeholder.com/400/', 'https://via.placeholder.com/400/?text=ICON', 'yellow', '2020-11-10 06:37:01'),
(162, 20, 37.270924, -121.648083, 'Culpa deserunt consequat occaecat ullamco ullamco. Enim duis magna deserunt do duis est deserunt fugiat esse sit. Mollit amet id culpa nulla nostrud.', 'https://via.placeholder.com/400/', 'https://via.placeholder.com/400/?text=ICON', 'red', '2020-04-28 02:26:14'),
(163, 6, 37.294148, -121.558410, 'Elit incididunt id ut ullamco consequat mollit sit duis commodo voluptate veniam esse. Qui dolor do ea minim ex consectetur sunt veniam quis reprehenderit commodo. Quis nisi amet minim excepteur fugiat quis consectetur.', 'https://via.placeholder.com/400/', 'https://via.placeholder.com/400/?text=ICON', 'red', '2020-07-09 01:14:30'),
(164, 31, 37.422827, -121.723785, 'Officia ad tempor qui officia laboris commodo ea. Eu elit excepteur magna minim sunt incididunt excepteur veniam nulla laboris duis do ad aliquip. Nisi laborum consequat esse laborum officia id cillum cillum incididunt sit minim deserunt duis aliquip.', 'https://via.placeholder.com/400/', 'https://via.placeholder.com/400/?text=ICON', 'blue', '2021-06-22 09:42:00'),
(165, 6, 37.349839, -121.538459, 'In veniam reprehenderit aliqua veniam cillum id exercitation aliquip. Ad deserunt nulla consectetur quis sunt cillum dolore cupidatat irure sunt ipsum ea minim quis. Ipsum dolore eu amet exercitation eu sint voluptate.', 'https://via.placeholder.com/400/', 'https://via.placeholder.com/400/?text=ICON', 'blue', '2021-12-12 06:10:49'),
(166, 49, 37.289312, -121.490307, 'Id et ex ad ad eu ut occaecat quis veniam nulla ut dolore aliquip. Mollit commodo sint non et aute minim amet reprehenderit duis. In anim irure est ipsum ullamco culpa labore ad duis anim.', 'https://via.placeholder.com/400/', 'https://via.placeholder.com/400/?text=ICON', 'blue', '2021-02-11 09:51:03'),
(167, 40, 37.367245, -121.722890, 'Anim nulla dolor non consectetur quis ad incididunt. Velit pariatur elit ex et enim ipsum ipsum fugiat enim consequat velit pariatur ipsum pariatur. Dolor ea veniam deserunt nulla labore esse elit pariatur voluptate anim laboris.', 'https://via.placeholder.com/400/', 'https://via.placeholder.com/400/?text=ICON', 'blue', '2021-06-24 01:59:26'),
(168, 42, 37.374840, -121.789322, 'Nulla commodo eiusmod exercitation proident mollit proident cillum reprehenderit adipisicing est aliqua. Amet do dolore cillum velit ut deserunt qui ex commodo dolore sint cupidatat irure minim. Ullamco id qui eiusmod aliqua eiusmod culpa laboris.', 'https://via.placeholder.com/400/', 'https://via.placeholder.com/400/?text=ICON', 'red', '2021-12-10 09:46:22'),
(169, 5, 37.305140, -121.761633, 'Non qui eiusmod elit id non. Adipisicing sint dolore labore minim qui anim incididunt nulla labore qui ullamco sint. Irure qui ad ipsum labore tempor nisi ut nisi ut.', 'https://via.placeholder.com/400/', 'https://via.placeholder.com/400/?text=ICON', 'red', '2021-04-10 10:51:37'),
(170, 35, 37.421636, -121.722939, 'Ut sit exercitation id voluptate tempor ut. Veniam ad tempor Lorem consequat exercitation officia quis non Lorem anim esse dolor esse voluptate. Dolor sunt ad dolor aliquip.', 'https://via.placeholder.com/400/', 'https://via.placeholder.com/400/?text=ICON', 'red', '2021-06-05 12:00:52'),
(171, 18, 37.271419, -121.631229, 'Magna nostrud proident cupidatat aliquip exercitation tempor id ea laboris elit qui tempor amet tempor. Deserunt aliqua culpa culpa aute proident eiusmod anim cillum consectetur. Non commodo pariatur ullamco tempor veniam anim nostrud exercitation labore adipisicing aliqua magna qui aliqua.', 'https://via.placeholder.com/400/', 'https://via.placeholder.com/400/?text=ICON', 'blue', '2020-06-22 12:23:56'),
(172, 36, 37.389255, -121.469888, 'Aute do labore id ipsum consequat non anim enim amet ipsum labore aliqua. Veniam sunt dolore amet ad. Proident aute ad ut reprehenderit aliqua aliqua sunt consectetur.', 'https://via.placeholder.com/400/', 'https://via.placeholder.com/400/?text=ICON', 'yellow', '2021-08-16 03:17:03'),
(173, 50, 37.293973, -121.553796, 'Elit deserunt quis non cillum velit mollit veniam. Magna consectetur non excepteur do reprehenderit aute occaecat do tempor. Qui in voluptate aliqua qui deserunt.', 'https://via.placeholder.com/400/', 'https://via.placeholder.com/400/?text=ICON', 'red', '2020-12-01 11:25:45'),
(174, 42, 37.466205, -121.681698, 'Est nisi aliquip qui sunt. Minim amet Lorem sunt magna pariatur voluptate mollit. Anim voluptate qui dolore et aute.', 'https://via.placeholder.com/400/', 'https://via.placeholder.com/400/?text=ICON', 'red', '2021-10-16 09:03:12'),
(175, 27, 37.449175, -121.799419, 'Laborum culpa non veniam veniam minim elit nostrud veniam id dolor consequat cupidatat. Labore cupidatat dolore nisi irure laborum ea ut eiusmod consequat do veniam. Culpa proident voluptate occaecat aute non mollit ex tempor aute adipisicing anim dolor do.', 'https://via.placeholder.com/400/', 'https://via.placeholder.com/400/?text=ICON', 'yellow', '2021-08-18 09:51:49'),
(176, 40, 37.377622, -121.782684, 'Esse aliqua mollit duis sunt. Nostrud proident laborum nostrud cillum excepteur do sunt cillum aliquip laborum. Labore labore veniam nostrud sint aliqua dolore.', 'https://via.placeholder.com/400/', 'https://via.placeholder.com/400/?text=ICON', 'red', '2020-08-01 03:44:10'),
(177, 35, 37.301984, -121.695288, 'Adipisicing non officia cupidatat sunt eu do aliqua ullamco adipisicing duis. Ut incididunt tempor adipisicing amet ut. Incididunt laborum consectetur culpa non eiusmod sit exercitation.', 'https://via.placeholder.com/400/', 'https://via.placeholder.com/400/?text=ICON', 'red', '2021-05-28 06:45:19'),
(178, 36, 37.390246, -121.519998, 'Id Lorem sunt enim irure commodo cupidatat. Id voluptate est ut consequat. Esse enim dolor sit irure officia.', 'https://via.placeholder.com/400/', 'https://via.placeholder.com/400/?text=ICON', 'yellow', '2020-09-18 01:15:40'),
(179, 2, 37.408050, -121.509970, 'Occaecat enim in culpa deserunt. Amet cillum aute est laboris ullamco nulla in culpa nostrud. Nostrud laborum elit enim veniam deserunt exercitation.', 'https://via.placeholder.com/400/', 'https://via.placeholder.com/400/?text=ICON', 'blue', '2021-05-11 12:11:08'),
(180, 17, 37.275083, -121.549820, 'Laborum amet aliqua id excepteur sit quis eiusmod consequat pariatur nisi excepteur magna. Consectetur aute velit officia laborum pariatur commodo ex proident irure est. Excepteur mollit laboris ipsum est aliquip nisi cillum cupidatat mollit.', 'https://via.placeholder.com/400/', 'https://via.placeholder.com/400/?text=ICON', 'red', '2020-12-23 09:08:56'),
(181, 17, 37.375525, -121.572629, 'Excepteur elit deserunt velit irure amet ea ipsum sit nulla. Tempor id ullamco ullamco cillum ullamco eiusmod ut ea eiusmod. Enim do culpa qui fugiat sit duis laborum deserunt aliquip voluptate culpa occaecat sint enim.', 'https://via.placeholder.com/400/', 'https://via.placeholder.com/400/?text=ICON', 'yellow', '2020-06-24 09:25:00'),
(182, 33, 37.376388, -121.739768, 'Nostrud incididunt tempor nisi minim cupidatat sit deserunt aliquip magna est minim. Mollit laborum id duis ex laborum ex. Voluptate aliquip est ut voluptate.', 'https://via.placeholder.com/400/', 'https://via.placeholder.com/400/?text=ICON', 'yellow', '2021-01-11 11:48:41'),
(183, 17, 37.348775, -121.484349, 'Dolor est eu culpa laborum exercitation eu. Velit exercitation fugiat quis consequat laborum mollit. Non non officia consequat dolore.', 'https://via.placeholder.com/400/', 'https://via.placeholder.com/400/?text=ICON', 'yellow', '2021-05-26 08:53:56'),
(184, 48, 37.293301, -121.564680, 'Nisi Lorem voluptate ut adipisicing Lorem deserunt ex excepteur elit quis ea ea occaecat. Qui magna culpa officia laboris aliquip consequat ullamco. Ut labore nisi magna voluptate labore incididunt esse ipsum eiusmod excepteur ea.', 'https://via.placeholder.com/400/', 'https://via.placeholder.com/400/?text=ICON', 'yellow', '2020-12-12 05:44:41'),
(185, 20, 37.422931, -121.695452, 'Ex irure do dolor anim anim consequat enim id. Aliquip et non ea aliquip in Lorem. Mollit esse ullamco quis quis excepteur occaecat.', 'https://via.placeholder.com/400/', 'https://via.placeholder.com/400/?text=ICON', 'red', '2021-09-25 09:01:10'),
(186, 36, 37.339103, -121.737932, 'Ea elit exercitation sint culpa. Mollit duis dolore et non nisi officia duis cillum cillum. Quis minim excepteur consequat mollit anim velit eiusmod pariatur velit.', 'https://via.placeholder.com/400/', 'https://via.placeholder.com/400/?text=ICON', 'blue', '2020-09-09 10:46:32'),
(187, 26, 37.333381, -121.477630, 'Veniam anim eu ex velit excepteur magna eiusmod minim. Nulla Lorem proident consectetur consequat laboris voluptate ullamco cupidatat. Fugiat non ut cupidatat aliqua Lorem ut cupidatat non est ea do occaecat.', 'https://via.placeholder.com/400/', 'https://via.placeholder.com/400/?text=ICON', 'red', '2020-06-02 03:05:38'),
(188, 9, 37.414426, -121.594369, 'Ullamco veniam sunt laborum quis minim sunt eu nostrud elit labore. Sunt aliqua nostrud occaecat id quis. Eiusmod elit pariatur enim culpa eiusmod.', 'https://via.placeholder.com/400/', 'https://via.placeholder.com/400/?text=ICON', 'blue', '2020-02-02 05:31:55'),
(189, 4, 37.416785, -121.623885, 'Cillum proident ea aliquip irure nostrud. Reprehenderit sunt irure velit non sunt culpa. Deserunt nostrud quis ullamco dolor ipsum Lorem amet deserunt deserunt labore quis commodo non adipisicing.', 'https://via.placeholder.com/400/', 'https://via.placeholder.com/400/?text=ICON', 'red', '2021-05-05 12:06:42'),
(190, 15, 37.322011, -121.787895, 'Eu do laboris nulla amet nisi deserunt anim irure ipsum qui duis minim id. Et do tempor dolore aliqua irure minim ex cupidatat velit non commodo. Amet qui consequat ex aliquip occaecat ipsum occaecat ad culpa.', 'https://via.placeholder.com/400/', 'https://via.placeholder.com/400/?text=ICON', 'red', '2020-02-19 02:59:20'),
(191, 36, 37.450705, -121.730334, 'Ut do esse nisi officia non labore adipisicing elit exercitation reprehenderit sit ad incididunt. Qui enim sit minim ipsum amet fugiat ad amet. Cillum elit enim reprehenderit ea cillum consectetur exercitation proident consequat enim.', 'https://via.placeholder.com/400/', 'https://via.placeholder.com/400/?text=ICON', 'blue', '2020-05-07 03:18:40'),
(192, 47, 37.409996, -121.470316, 'Nisi aute in mollit esse nulla irure anim laboris velit reprehenderit adipisicing in officia nostrud. Officia aute ad nisi pariatur incididunt laborum consectetur eu non cillum enim sit deserunt. Non eu laborum pariatur ipsum exercitation enim cillum id consectetur.', 'https://via.placeholder.com/400/', 'https://via.placeholder.com/400/?text=ICON', 'red', '2020-07-28 04:49:32'),
(193, 31, 37.347382, -121.624437, 'Labore magna cillum Lorem laborum proident proident non excepteur laboris sit sunt proident proident. Cupidatat voluptate non dolore nisi eiusmod ad. Ut commodo eiusmod occaecat consequat exercitation commodo fugiat.', 'https://via.placeholder.com/400/', 'https://via.placeholder.com/400/?text=ICON', 'red', '2020-05-24 03:39:57'),
(194, 16, 37.299939, -121.509818, 'Ea labore eiusmod elit nostrud ea incididunt. Ipsum fugiat eiusmod excepteur sunt consectetur nulla tempor labore fugiat mollit velit qui proident. Irure anim commodo exercitation sint mollit ex aliqua magna nulla cillum aliquip esse officia.', 'https://via.placeholder.com/400/', 'https://via.placeholder.com/400/?text=ICON', 'yellow', '2020-05-04 10:29:53'),
(195, 43, 37.364502, -121.468918, 'Consectetur excepteur tempor incididunt amet eu proident occaecat dolore laborum. Cillum ex nisi irure officia sint. Tempor ut in minim ullamco anim.', 'https://via.placeholder.com/400/', 'https://via.placeholder.com/400/?text=ICON', 'blue', '2021-09-24 11:51:49'),
(196, 9, 37.366296, -121.790443, 'Aliqua nulla eiusmod dolor ipsum deserunt duis. Eiusmod reprehenderit laboris minim ex laboris. Duis in pariatur elit aute sunt non incididunt consequat esse commodo.', 'https://via.placeholder.com/400/', 'https://via.placeholder.com/400/?text=ICON', 'red', '2021-05-16 11:58:23'),
(197, 26, 37.432410, -121.650577, 'Officia mollit excepteur cupidatat do irure duis quis sint exercitation. Ullamco mollit laborum cupidatat et laborum officia consectetur est magna. Aliqua sint occaecat minim nulla amet culpa aute ex ex consectetur eiusmod ad enim minim.', 'https://via.placeholder.com/400/', 'https://via.placeholder.com/400/?text=ICON', 'blue', '2020-11-02 08:29:30'),
(198, 25, 37.349256, -121.729555, 'Do mollit sint et aliqua eiusmod. Velit enim deserunt officia ad voluptate proident elit ullamco nulla qui laboris incididunt labore eu. Cupidatat nisi non nisi do dolore consequat in occaecat Lorem non Lorem amet incididunt culpa.', 'https://via.placeholder.com/400/', 'https://via.placeholder.com/400/?text=ICON', 'blue', '2021-05-10 03:11:13'),
(199, 5, 37.420901, -121.773719, 'Nostrud magna nulla et qui laborum nostrud. Magna exercitation duis sint fugiat exercitation ad sint amet nisi. Consectetur amet sit do ex ipsum.', 'https://via.placeholder.com/400/', 'https://via.placeholder.com/400/?text=ICON', 'red', '2021-05-03 06:51:19'),
(200, 22, 37.380103, -121.496099, 'Velit Lorem deserunt velit exercitation aliquip nostrud occaecat ullamco sunt. Officia amet sit esse in et id amet aute. Dolor et duis occaecat magna tempor in commodo consectetur est.', 'https://via.placeholder.com/400/', 'https://via.placeholder.com/400/?text=ICON', 'red', '2021-03-03 08:41:50'),
(201, 31, 37.438931, -121.569476, 'Sunt nisi cupidatat sunt ullamco pariatur. Commodo proident tempor proident id. Sit do magna est nulla nisi veniam quis qui ea aliqua nulla.', 'https://via.placeholder.com/400/', 'https://via.placeholder.com/400/?text=ICON', 'yellow', '2020-06-23 03:16:25'),
(202, 35, 37.467367, -121.606637, 'Anim pariatur veniam ea occaecat culpa cillum. Eu deserunt Lorem laborum tempor deserunt laboris laboris est quis consectetur elit laboris ex. Esse non laboris non veniam culpa cillum officia deserunt dolor aute velit minim dolore.', 'https://via.placeholder.com/400/', 'https://via.placeholder.com/400/?text=ICON', 'red', '2021-06-21 07:59:18'),
(203, 35, 37.301969, -121.815753, 'Excepteur anim sit eu anim anim adipisicing minim elit est nulla. Sit laborum aliqua proident ex et sint irure aute mollit consequat veniam cupidatat. Exercitation et cillum dolore sint.', 'https://via.placeholder.com/400/', 'https://via.placeholder.com/400/?text=ICON', 'red', '2021-06-17 09:26:15'),
(204, 6, 37.370595, -121.540459, 'Exercitation duis deserunt esse ipsum Lorem nostrud voluptate ea. Eu magna veniam duis non nostrud ea. Minim eiusmod et consequat ea excepteur id.', 'https://via.placeholder.com/400/', 'https://via.placeholder.com/400/?text=ICON', 'red', '2021-10-26 12:13:56'),
(205, 22, 37.324141, -121.565195, 'Aliquip culpa veniam consectetur sit qui veniam. Proident non id nisi esse minim cupidatat incididunt irure voluptate do et sint deserunt. Lorem enim laboris voluptate esse magna qui sit id nostrud do fugiat excepteur.', 'https://via.placeholder.com/400/', 'https://via.placeholder.com/400/?text=ICON', 'red', '2020-05-13 04:40:39'),
(206, 36, 37.404433, -121.659361, 'Sit commodo cillum mollit excepteur magna elit anim adipisicing Lorem id et. Do eu excepteur dolore nostrud amet proident duis id esse culpa. Eiusmod sit cillum ex nostrud sunt occaecat veniam non laborum et.', 'https://via.placeholder.com/400/', 'https://via.placeholder.com/400/?text=ICON', 'red', '2021-01-08 10:09:53'),
(207, 17, 37.434707, -121.555741, 'Cupidatat qui officia sunt veniam aute duis exercitation deserunt cupidatat in. Officia do aliqua velit occaecat sit minim sint fugiat excepteur aliqua aliquip. Nisi ullamco duis nulla enim proident ullamco tempor ipsum tempor est velit amet.', 'https://via.placeholder.com/400/', 'https://via.placeholder.com/400/?text=ICON', 'blue', '2021-07-07 10:05:38'),
(208, 43, 37.374634, -121.828811, 'In sint et ea labore Lorem consequat in et. In Lorem pariatur sit nulla duis amet. Sunt tempor nisi aliquip esse commodo aliquip consequat qui.', 'https://via.placeholder.com/400/', 'https://via.placeholder.com/400/?text=ICON', 'red', '2021-05-09 11:00:44'),
(209, 49, 37.320257, -121.716723, 'Aute sunt Lorem consequat anim dolore. Non elit commodo velit velit aute mollit adipisicing et cillum. Est excepteur cupidatat cillum culpa ex mollit fugiat pariatur quis Lorem do commodo.', 'https://via.placeholder.com/400/', 'https://via.placeholder.com/400/?text=ICON', 'blue', '2021-03-30 03:17:53'),
(210, 2, 37.279263, -121.635887, 'Non anim aliquip mollit esse. Cillum commodo qui cillum commodo nisi voluptate. Nostrud ipsum cupidatat fugiat pariatur cillum excepteur officia anim commodo cupidatat.', 'https://via.placeholder.com/400/', 'https://via.placeholder.com/400/?text=ICON', 'yellow', '2021-04-25 01:02:49'),
(211, 38, 37.398605, -121.595171, 'Commodo laborum enim duis reprehenderit excepteur elit ex aute ullamco. Qui ad irure incididunt nostrud ut cillum excepteur officia cillum. Sit Lorem esse excepteur amet culpa.', 'https://via.placeholder.com/400/', 'https://via.placeholder.com/400/?text=ICON', 'red', '2020-12-06 11:00:00'),
(212, 33, 37.432333, -121.566922, 'Tempor officia laborum mollit Lorem deserunt. Minim sint nostrud culpa in nulla in ea dolor sit dolor veniam consectetur culpa. Mollit laboris esse esse exercitation.', 'https://via.placeholder.com/400/', 'https://via.placeholder.com/400/?text=ICON', 'yellow', '2021-12-11 02:25:15'),
(213, 43, 37.423885, -121.550096, 'Sit do aliquip nostrud officia incididunt anim labore laboris. Dolor proident esse eu sint. Nisi quis ex proident aute nulla.', 'https://via.placeholder.com/400/', 'https://via.placeholder.com/400/?text=ICON', 'blue', '2020-12-14 02:14:22'),
(214, 46, 37.433637, -121.566502, 'Id deserunt laboris tempor aliquip dolore anim aute mollit dolore voluptate tempor anim. Ea consectetur nostrud deserunt nulla ad exercitation nulla duis mollit consectetur magna dolor deserunt. Labore laborum pariatur labore occaecat adipisicing velit fugiat elit reprehenderit cupidatat.', 'https://via.placeholder.com/400/', 'https://via.placeholder.com/400/?text=ICON', 'yellow', '2021-10-10 06:57:52'),
(215, 6, 37.341155, -121.496387, 'In est excepteur eiusmod tempor excepteur aliqua. Mollit anim nostrud commodo deserunt esse. Exercitation commodo dolore elit est proident cillum consectetur nulla labore Lorem non.', 'https://via.placeholder.com/400/', 'https://via.placeholder.com/400/?text=ICON', 'blue', '2021-04-23 07:25:20'),
(216, 43, 37.282302, -121.785138, 'Eiusmod veniam ut exercitation id occaecat dolore duis eu ullamco officia ea veniam aliqua. Aute fugiat culpa amet sint non nostrud enim ad non cillum ullamco. Aliqua cupidatat magna ea culpa tempor occaecat.', 'https://via.placeholder.com/400/', 'https://via.placeholder.com/400/?text=ICON', 'yellow', '2020-09-13 05:53:39'),
(217, 13, 37.447262, -121.750368, 'Ut occaecat velit est cillum deserunt elit. Duis reprehenderit quis Lorem cupidatat aliquip fugiat. Et cillum cupidatat sit qui ullamco.', 'https://via.placeholder.com/400/', 'https://via.placeholder.com/400/?text=ICON', 'yellow', '2020-06-28 03:50:56'),
(218, 7, 37.312279, -121.652425, 'Nulla ipsum occaecat reprehenderit Lorem laboris cupidatat esse nulla nostrud voluptate reprehenderit eu ea cillum. Id sunt fugiat nisi quis consequat mollit ex. Incididunt magna sunt qui excepteur.', 'https://via.placeholder.com/400/', 'https://via.placeholder.com/400/?text=ICON', 'blue', '2021-01-27 01:10:53'),
(219, 43, 37.265880, -121.810790, 'Cillum aute esse pariatur ut est officia mollit nulla excepteur voluptate proident et. Dolore adipisicing sit ut tempor occaecat ex commodo sint. Aute eu amet do aliqua magna et.', 'https://via.placeholder.com/400/', 'https://via.placeholder.com/400/?text=ICON', 'yellow', '2021-10-15 02:36:17'),
(220, 33, 37.343618, -121.520428, 'Tempor cupidatat non Lorem in occaecat non do do. Enim ex ullamco minim laboris quis nostrud ipsum laboris nostrud. Fugiat sit ea ut cupidatat laboris et laboris esse id nulla laborum minim Lorem eu.', 'https://via.placeholder.com/400/', 'https://via.placeholder.com/400/?text=ICON', 'red', '2020-07-06 02:49:07'),
(221, 6, 37.323434, -121.759202, 'Consequat duis reprehenderit nostrud amet aliqua. Ea laborum consequat aliquip ad nulla irure laborum esse tempor qui velit excepteur culpa. Adipisicing quis sunt occaecat magna deserunt excepteur laborum irure ea aliquip tempor proident qui enim.', 'https://via.placeholder.com/400/', 'https://via.placeholder.com/400/?text=ICON', 'blue', '2021-09-26 02:16:51'),
(222, 19, 37.413153, -121.612570, 'Dolor amet do commodo amet non culpa eiusmod reprehenderit exercitation amet in. Elit tempor incididunt amet commodo. Aute non labore laboris ad qui irure anim proident nostrud culpa labore deserunt.', 'https://via.placeholder.com/400/', 'https://via.placeholder.com/400/?text=ICON', 'red', '2021-10-27 04:01:01'),
(223, 9, 37.272118, -121.716974, 'Veniam commodo laborum ea labore qui exercitation irure elit enim elit eu nisi. Labore sit fugiat duis aliqua fugiat consequat ad tempor commodo pariatur adipisicing. Est exercitation laborum ex voluptate velit laboris pariatur sit tempor et non consequat magna occaecat.', 'https://via.placeholder.com/400/', 'https://via.placeholder.com/400/?text=ICON', 'yellow', '2020-04-17 06:28:23'),
(224, 16, 37.308567, -121.689091, 'Ut minim pariatur laborum irure aliquip labore elit occaecat aliquip dolore minim. Duis sunt eiusmod labore deserunt. Qui nisi consectetur sint irure ullamco dolore minim sit esse sunt.', 'https://via.placeholder.com/400/', 'https://via.placeholder.com/400/?text=ICON', 'red', '2020-11-23 02:45:08'),
(225, 27, 37.352238, -121.564361, 'Lorem culpa magna esse fugiat. Culpa Lorem officia deserunt ipsum duis dolor ex. Dolor sit fugiat nulla id sunt.', 'https://via.placeholder.com/400/', 'https://via.placeholder.com/400/?text=ICON', 'yellow', '2020-07-25 07:16:11'),
(226, 2, 37.286546, -121.691426, 'Ad pariatur sint laborum nisi et enim qui consectetur et sit laborum. Culpa qui commodo aliquip exercitation veniam officia sint occaecat veniam qui elit tempor. Do non exercitation consequat commodo pariatur do mollit laborum cupidatat mollit.', 'https://via.placeholder.com/400/', 'https://via.placeholder.com/400/?text=ICON', 'red', '2021-12-01 01:11:44'),
(227, 1, 37.379860, -121.468992, 'Magna excepteur sint labore dolor esse esse sit cillum anim cupidatat. Voluptate cupidatat enim aliquip qui. Nulla nulla do incididunt voluptate do est dolore ipsum anim Lorem commodo ipsum ullamco quis.', 'https://via.placeholder.com/400/', 'https://via.placeholder.com/400/?text=ICON', 'yellow', '2021-11-15 06:13:34'),
(228, 18, 37.474470, -121.578926, 'Sit mollit esse quis aliqua. Amet consequat consequat eiusmod enim et. Reprehenderit excepteur id sit in aute in.', 'https://via.placeholder.com/400/', 'https://via.placeholder.com/400/?text=ICON', 'red', '2020-06-26 07:00:39'),
(229, 1, 37.333428, -121.583870, 'Ex aliquip consectetur velit commodo labore voluptate aliquip excepteur culpa ea dolore veniam. Deserunt ipsum ut quis occaecat nostrud adipisicing commodo aliquip non ex non nostrud ipsum cupidatat. Incididunt dolor duis reprehenderit nostrud ipsum voluptate minim.', 'https://via.placeholder.com/400/', 'https://via.placeholder.com/400/?text=ICON', 'red', '2021-11-23 06:58:43'),
(230, 4, 37.312015, -121.546971, 'Elit esse ipsum duis proident cupidatat nulla tempor enim eu fugiat commodo. Aute quis in reprehenderit et proident elit proident elit laborum dolore excepteur. Eiusmod reprehenderit Lorem ullamco do irure ea minim sint.', 'https://via.placeholder.com/400/', 'https://via.placeholder.com/400/?text=ICON', 'blue', '2020-07-18 08:06:02'),
(231, 23, 37.268962, -121.554519, 'Nostrud exercitation pariatur ad aute exercitation sint duis officia magna enim velit excepteur magna. Consectetur deserunt proident anim officia nulla dolor minim ullamco. Cupidatat aliqua veniam consequat irure culpa magna ipsum dolor ut aute consectetur occaecat in.', 'https://via.placeholder.com/400/', 'https://via.placeholder.com/400/?text=ICON', 'blue', '2021-05-29 03:40:28'),
(232, 41, 37.454944, -121.820758, 'Dolore laborum laborum officia est voluptate velit incididunt nulla laborum ad nostrud non velit. Veniam do elit occaecat sint ad esse nisi nulla. Lorem labore minim sit quis nostrud mollit.', 'https://via.placeholder.com/400/', 'https://via.placeholder.com/400/?text=ICON', 'yellow', '2021-06-16 03:50:04'),
(233, 23, 37.374969, -121.668333, 'Nostrud ex sint reprehenderit eiusmod eu minim nulla sunt. Cillum esse deserunt cupidatat ullamco non adipisicing exercitation commodo eu sint occaecat nostrud laborum labore. Eu non laborum minim ullamco adipisicing.', 'https://via.placeholder.com/400/', 'https://via.placeholder.com/400/?text=ICON', 'yellow', '2020-11-10 06:06:02'),
(234, 39, 37.403953, -121.808780, 'Enim aliqua exercitation ex ut ad dolor consectetur cillum amet. Adipisicing est consequat occaecat sunt eiusmod labore consequat fugiat duis nisi enim aute tempor Lorem. Ullamco fugiat sint non quis excepteur deserunt labore nostrud.', 'https://via.placeholder.com/400/', 'https://via.placeholder.com/400/?text=ICON', 'yellow', '2021-03-22 05:56:50'),
(235, 12, 37.433819, -121.729010, 'Consequat mollit occaecat ullamco do adipisicing minim dolor laboris ipsum sint aliquip non. Qui irure elit et cillum aliquip incididunt aliqua sunt excepteur Lorem duis eu. Laborum do nulla non laboris consequat irure occaecat consectetur non incididunt sint duis.', 'https://via.placeholder.com/400/', 'https://via.placeholder.com/400/?text=ICON', 'red', '2021-01-29 02:59:02'),
(236, 9, 37.420954, -121.776463, 'Tempor dolor Lorem veniam excepteur consectetur elit irure velit. Voluptate Lorem velit quis ullamco et ullamco culpa incididunt ipsum ullamco. Aliquip aliqua mollit cupidatat nostrud culpa sunt reprehenderit.', 'https://via.placeholder.com/400/', 'https://via.placeholder.com/400/?text=ICON', 'yellow', '2021-08-26 11:40:42'),
(237, 14, 37.345410, -121.706035, 'Dolor est exercitation consectetur eiusmod mollit quis ut incididunt aliqua voluptate excepteur excepteur amet. Minim ipsum ut consectetur consectetur dolor. Deserunt aute aliqua enim aute laborum labore sint est eu.', 'https://via.placeholder.com/400/', 'https://via.placeholder.com/400/?text=ICON', 'yellow', '2020-03-03 07:50:18'),
(238, 41, 37.413349, -121.662084, 'Do pariatur laboris est Lorem quis ea irure minim enim culpa nulla non excepteur ullamco. Aute in eu nisi ullamco. Magna aliquip anim aliquip dolore cillum incididunt nisi mollit esse ea excepteur velit.', 'https://via.placeholder.com/400/', 'https://via.placeholder.com/400/?text=ICON', 'yellow', '2020-04-12 06:14:25'),
(239, 19, 37.323042, -121.603810, 'Esse velit nostrud aliqua cupidatat. Exercitation qui qui nostrud ullamco cupidatat officia sint est anim duis ullamco. Cillum incididunt aliquip consequat minim elit consequat ad in occaecat dolore irure sint amet dolore.', 'https://via.placeholder.com/400/', 'https://via.placeholder.com/400/?text=ICON', 'yellow', '2021-03-27 12:59:40'),
(240, 37, 37.325752, -121.753454, 'Sunt adipisicing in id velit culpa duis culpa fugiat mollit eiusmod eiusmod enim ea nisi. Non id enim sunt fugiat sunt. Deserunt ea irure esse adipisicing officia adipisicing Lorem aliqua tempor aliquip.', 'https://via.placeholder.com/400/', 'https://via.placeholder.com/400/?text=ICON', 'red', '2020-10-21 05:29:09'),
(241, 9, 37.443744, -121.572275, 'Duis est incididunt consequat quis dolore anim fugiat nisi ea. Nisi dolore in quis consectetur duis laboris et commodo sint elit dolor deserunt nisi eu. Aute ad sint voluptate non consectetur.', 'https://via.placeholder.com/400/', 'https://via.placeholder.com/400/?text=ICON', 'yellow', '2021-09-02 10:48:40'),
(242, 31, 37.311685, -121.471622, 'Exercitation irure aute nostrud nostrud pariatur ipsum adipisicing fugiat ex. Culpa nostrud dolore sit ex nulla aute velit esse eu non reprehenderit incididunt. Amet magna deserunt velit labore ex ex deserunt voluptate nulla.', 'https://via.placeholder.com/400/', 'https://via.placeholder.com/400/?text=ICON', 'blue', '2020-02-17 08:11:51'),
(243, 18, 37.353984, -121.830185, 'Laborum exercitation dolor reprehenderit eiusmod exercitation proident consequat magna ullamco. Ea ipsum proident laborum ullamco exercitation consectetur est tempor voluptate id et veniam. Laboris fugiat qui esse cupidatat Lorem eu ipsum occaecat eu sint ea labore laboris commodo.', 'https://via.placeholder.com/400/', 'https://via.placeholder.com/400/?text=ICON', 'yellow', '2020-02-13 10:25:09'),
(244, 36, 37.318387, -121.467615, 'Amet quis reprehenderit aute sint sunt non cillum enim in Lorem esse tempor. Esse exercitation ex eu non exercitation dolor fugiat dolor proident quis officia sit. Labore consectetur fugiat cupidatat voluptate enim ex ex aliqua deserunt dolor.', 'https://via.placeholder.com/400/', 'https://via.placeholder.com/400/?text=ICON', 'yellow', '2021-05-20 11:36:08'),
(245, 1, 37.265129, -121.687970, 'Ex nisi culpa incididunt ut. Consectetur anim pariatur ipsum pariatur consectetur. Eiusmod incididunt aliquip anim ea officia fugiat velit eiusmod Lorem.', 'https://via.placeholder.com/400/', 'https://via.placeholder.com/400/?text=ICON', 'blue', '2021-07-30 08:37:42'),
(246, 23, 37.376854, -121.761142, 'Voluptate occaecat incididunt ex sit dolor incididunt veniam in nulla mollit. Esse ad occaecat duis anim occaecat ea aliquip anim enim cupidatat reprehenderit occaecat laborum. Sint anim sunt nostrud cupidatat officia deserunt anim magna dolore reprehenderit cupidatat Lorem sit laborum.', 'https://via.placeholder.com/400/', 'https://via.placeholder.com/400/?text=ICON', 'red', '2021-06-28 10:06:49'),
(247, 31, 37.334268, -121.469824, 'Nisi ex id anim reprehenderit est occaecat. Ad laboris incididunt eu et minim do sit sunt ea do. Lorem eu id qui ipsum voluptate cupidatat.', 'https://via.placeholder.com/400/', 'https://via.placeholder.com/400/?text=ICON', 'red', '2021-02-19 04:30:36'),
(248, 25, 37.355315, -121.773610, 'In aute consequat commodo occaecat ullamco pariatur culpa nisi excepteur aliquip. Consectetur nisi exercitation qui velit adipisicing commodo dolor do duis commodo nisi et enim. Commodo duis dolor do sit ipsum nostrud enim nulla nisi.', 'https://via.placeholder.com/400/', 'https://via.placeholder.com/400/?text=ICON', 'yellow', '2021-01-26 10:36:17'),
(249, 1, 37.402408, -121.625172, 'Proident sint nostrud reprehenderit incididunt reprehenderit nisi ea adipisicing. Do ipsum pariatur dolore qui aliquip occaecat duis. Lorem pariatur adipisicing nisi aute ipsum in aliqua deserunt est mollit nulla occaecat.', 'https://via.placeholder.com/400/', 'https://via.placeholder.com/400/?text=ICON', 'red', '2020-06-26 12:25:38'),
(250, 39, 37.317439, -121.778856, 'Dolor ut incididunt amet est occaecat irure. Culpa duis laboris adipisicing sint nulla mollit sint culpa. Esse voluptate aute minim ullamco excepteur sint nostrud deserunt eu minim.', 'https://via.placeholder.com/400/', 'https://via.placeholder.com/400/?text=ICON', 'yellow', '2020-11-07 02:23:59'),
(251, 0, 37.390882, -121.745979, 'edit to add description', 'http://via.placeholder.com/400/?text=PHOTO', 'http://via.placeholder.com/400/?text=ICON', 'edit to add a color', '2021-12-15 14:25:46'),
(252, 11, 37.327226, -121.705983, 'edit to add description', 'http://via.placeholder.com/400/?text=PHOTO', 'http://via.placeholder.com/400/?text=ICON', 'edit to add a color', '2021-12-15 14:26:17'),
(253, 11, 37.366341, -121.725931, 'edit to add description', 'http://via.placeholder.com/400/?text=PHOTO', 'http://via.placeholder.com/400/?text=ICON', 'edit to add a color', '2021-12-15 14:26:40'),
(254, 61, 37.391683, -121.761203, 'description', 'http://via.placeholder.com/400/?text=PHOTO', 'http://via.placeholder.com/400/?text=ICON', 'color', '2021-12-15 15:24:43'),
(255, 62, 37.410134, -121.777913, 'description', 'http://via.placeholder.com/400/?text=PHOTO', 'http://via.placeholder.com/400/?text=ICON', 'color', '2021-12-15 15:25:06'),
(256, 63, 37.388219, -121.818027, 'description', 'http://via.placeholder.com/400/?text=PHOTO', 'http://via.placeholder.com/400/?text=ICON', 'color', '2021-12-15 15:25:36'),
(257, 64, 37.389533, -121.751033, 'description', 'http://via.placeholder.com/400/?text=PHOTO', 'http://via.placeholder.com/400/?text=ICON', 'color', '2021-12-15 15:26:14'),
(258, 64, 37.387169, -121.793575, 'description', 'http://via.placeholder.com/400/?text=PHOTO', 'http://via.placeholder.com/400/?text=ICON', 'color', '2021-12-15 15:26:27'),
(259, 66, 37.384281, -121.778789, 'description', 'http://via.placeholder.com/400/?text=PHOTO', 'http://via.placeholder.com/400/?text=ICON', 'color', '2021-12-15 15:27:07'),
(260, 62, 37.342309, -121.772558, 'description', 'http://via.placeholder.com/400/?text=PHOTO', 'http://via.placeholder.com/400/?text=ICON', 'color', '2021-12-15 15:28:37'),
(261, 66, 37.387612, -121.776865, 'description', 'http://via.placeholder.com/400/?text=PHOTO', 'http://via.placeholder.com/400/?text=ICON', 'color', '2021-12-15 19:57:34'),
(262, 66, 37.387612, -121.776865, 'description', 'http://via.placeholder.com/400/?text=PHOTO', 'http://via.placeholder.com/400/?text=ICON', 'color', '2021-12-15 19:57:35'),
(263, 62, 37.391819, -121.775460, 'description', 'http://via.placeholder.com/400/?text=PHOTO', 'http://via.placeholder.com/400/?text=ICON', 'color', '2021-12-15 19:58:16');

-- --------------------------------------------------------

--
-- Table structure for table `track_users`
--

CREATE TABLE `track_users` (
  `id` int(13) NOT NULL,
  `name` varchar(64) NOT NULL,
  `username` varchar(64) NOT NULL,
  `email` varchar(128) NOT NULL,
  `password` varchar(32) NOT NULL,
  `img` varchar(256) NOT NULL,
  `date_create` datetime NOT NULL
) ENGINE=InnoDB DEFAULT CHARSET=latin1;

--
-- Dumping data for table `track_users`
--

INSERT INTO `track_users` (`id`, `name`, `username`, `email`, `password`, `img`, `date_create`) VALUES
(1, 'Silvia Calderonss', 'user1', 'user1@gmail.com', '1a1dc91c907325c69271ddf0c944bc72', '', '2020-11-26 12:33:39'),
(2, 'Lorna Love', 'user2', 'user2@gmail.com', '1a1dc91c907325c69271ddf0c944bc72', 'uploads/1639012013.8036_IMG_4278.jpg', '2021-03-11 07:19:36'),
(3, 'Georgia Ferrell', 'user3', 'user3@gmail.com', '1a1dc91c907325c69271ddf0c944bc72', 'https://via.placeholder.com/400/904/fff/?text=user3', '2020-06-07 02:07:26'),
(4, 'Whitney Petersen', 'user4', 'user4@gmail.com', '1a1dc91c907325c69271ddf0c944bc72', '', '2020-01-15 01:54:33'),
(5, 'Priscilla Talley', 'user5', 'user5@gmail.com', '1a1dc91c907325c69271ddf0c944bc72', 'https://via.placeholder.com/400/933/fff/?text=user5', '2021-05-07 07:56:02'),
(6, 'Sharpe Golden', 'user6', 'user6@gmail.com', '1a1dc91c907325c69271ddf0c944bc72', 'https://via.placeholder.com/400/770/fff/?text=user6', '2020-09-21 06:17:30'),
(7, 'Melba Valdez', 'user7', 'user7@gmail.com', '1a1dc91c907325c69271ddf0c944bc72', 'https://via.placeholder.com/400/720/fff/?text=user7', '2020-05-23 09:12:48'),
(8, 'Rivera Pate', 'user8', 'user8@gmail.com', '1a1dc91c907325c69271ddf0c944bc72', 'https://via.placeholder.com/400/930/fff/?text=user8', '2020-12-06 08:05:34'),
(9, 'Morris Payne', 'user9', 'user9@gmail.com', '1a1dc91c907325c69271ddf0c944bc72', 'https://via.placeholder.com/400/817/fff/?text=user9', '2020-04-04 05:12:33'),
(10, 'Reed Perry', 'user10', 'user10@gmail.com', '1a1dc91c907325c69271ddf0c944bc72', 'https://via.placeholder.com/400/768/fff/?text=user10', '2021-04-06 11:29:00'),
(12, 'Neeraja', 'user0', 'user0@gmail.com', '1a1dc91c907325c69271ddf0c944bc72', 'uploads/1639104305.1495_profile-photo.jpg', '2021-12-09 19:44:58'),
(13, 'Neeraja', 'user13', 'user13@gmail.com', '1a1dc91c907325c69271ddf0c944bc72', 'uploads/1639623877.069_2.jpeg', '2021-12-15 19:51:29'),
(14, 'Cruella', 'user15', 'user15@gmail.com', '1a1dc91c907325c69271ddf0c944bc72', '', '2021-12-15 20:09:57');

--
-- Indexes for dumped tables
--

--
-- Indexes for table `track_animals`
--
ALTER TABLE `track_animals`
  ADD PRIMARY KEY (`id`);

--
-- Indexes for table `track_locations`
--
ALTER TABLE `track_locations`
  ADD PRIMARY KEY (`id`);

--
-- Indexes for table `track_users`
--
ALTER TABLE `track_users`
  ADD PRIMARY KEY (`id`);

--
-- AUTO_INCREMENT for dumped tables
--

--
-- AUTO_INCREMENT for table `track_animals`
--
ALTER TABLE `track_animals`
  MODIFY `id` int(13) NOT NULL AUTO_INCREMENT, AUTO_INCREMENT=67;

--
-- AUTO_INCREMENT for table `track_locations`
--
ALTER TABLE `track_locations`
  MODIFY `id` int(13) NOT NULL AUTO_INCREMENT, AUTO_INCREMENT=264;

--
-- AUTO_INCREMENT for table `track_users`
--
ALTER TABLE `track_users`
  MODIFY `id` int(13) NOT NULL AUTO_INCREMENT, AUTO_INCREMENT=15;
COMMIT;

/*!40101 SET CHARACTER_SET_CLIENT=@OLD_CHARACTER_SET_CLIENT */;
/*!40101 SET CHARACTER_SET_RESULTS=@OLD_CHARACTER_SET_RESULTS */;
/*!40101 SET COLLATION_CONNECTION=@OLD_COLLATION_CONNECTION */;
